,BRAND,YEAR,FISCAL_YEAR,PRICE
0,angry_cat,2019,2019,4.83213704347066
1,angry_cat,2019,2019,4.83213704347066
2,angry_cat,2019,2019,4.83213704347066
3,angry_cat,2019,2019,4.83213704347066
4,angry_cat,2019,2019,4.83213704347066
5,angry_cat,2019,2019,4.83213704347066
6,angry_cat,2019,2019,4.83213704347066
7,angry_cat,2019,2019,4.83213704347066
8,angry_cat,2019,2019,4.83213704347066
9,angry_cat,2019,2019,4.83213704347066
10,angry_cat,2019,2019,4.83213704347066
11,angry_cat,2019,2019,4.83213704347066
12,angry_cat,2019,2019,4.83213704347066
13,angry_cat,2019,2019,4.83213704347066
14,angry_cat,2019,2019,4.83213704347066
15,angry_cat,2019,2019,4.83213704347066
16,angry_cat,2019,2019,4.83213704347066
17,angry_cat,2019,2019,4.83213704347066
18,angry_cat,2019,2019,4.83213704347066
19,angry_cat,2019,2019,4.83213704347066
20,angry_cat,2019,2019,4.83213704347066
21,angry_cat,2019,2019,4.83213704347066
22,angry_cat,2019,2019,4.83213704347066
23,angry_cat,2019,2019,4.83213704347066
24,angry_cat,2019,2019,4.83213704347066
25,angry_cat,2019,2019,4.83213704347066
26,angry_cat,2019,2019,4.83213704347066
27,angry_cat,2019,2019,4.83213704347066
28,angry_cat,2019,2019,4.83213704347066
29,angry_cat,2019,2019,4.83213704347066
30,angry_cat,2019,2019,4.83213704347066
31,angry_cat,2019,2019,4.83213704347066
32,angry_cat,2019,2019,4.83213704347066
33,angry_cat,2019,2019,4.83213704347066
34,angry_cat,2019,2019,4.83213704347066
35,angry_cat,2019,2019,4.83213704347066
36,angry_cat,2019,2019,4.83213704347066
37,angry_cat,2019,2019,4.83213704347066
38,angry_cat,2019,2019,4.83213704347066
39,angry_cat,2019,2019,4.83213704347066
40,angry_cat,2019,2019,4.83213704347066
41,angry_cat,2019,2019,4.83213704347066
42,angry_cat,2019,2019,4.83213704347066
43,angry_cat,2019,2019,4.83213704347066
44,angry_cat,2019,2019,4.83213704347066
45,angry_cat,2019,2019,4.83213704347066
46,angry_cat,2019,2019,4.83213704347066
47,angry_cat,2019,2019,4.83213704347066
48,angry_cat,2019,2019,4.83213704347066
49,angry_cat,2019,2019,4.83213704347066
50,angry_cat,2019,2019,4.83213704347066
51,angry_cat,2019,2019,4.83213704347066
52,angry_cat,2020,2020,4.782506327623757
53,angry_cat,2020,2020,4.782506327623757
54,angry_cat,2020,2020,4.782506327623757
55,angry_cat,2020,2020,4.782506327623757
56,angry_cat,2020,2020,4.782506327623757
57,angry_cat,2020,2020,4.782506327623757
58,angry_cat,2020,2020,4.782506327623757
59,angry_cat,2020,2020,4.782506327623757
60,angry_cat,2020,2020,4.782506327623757
61,angry_cat,2020,2020,4.782506327623757
62,angry_cat,2020,2020,4.782506327623757
63,angry_cat,2020,2020,4.782506327623757
64,angry_cat,2020,2020,4.782506327623757
65,angry_cat,2020,2020,4.782506327623757
66,angry_cat,2020,2020,4.782506327623757
67,angry_cat,2020,2020,4.782506327623757
68,angry_cat,2020,2020,4.782506327623757
69,angry_cat,2020,2020,4.782506327623757
70,angry_cat,2020,2020,4.782506327623757
71,angry_cat,2020,2020,4.782506327623757
72,angry_cat,2020,2020,4.782506327623757
73,angry_cat,2020,2020,4.782506327623757
74,angry_cat,2020,2020,4.782506327623757
75,angry_cat,2020,2020,4.782506327623757
76,angry_cat,2020,2020,4.782506327623757
77,angry_cat,2020,2020,4.782506327623757
78,angry_cat,2020,2020,4.782506327623757
79,angry_cat,2020,2020,4.782506327623757
80,angry_cat,2020,2020,4.782506327623757
81,angry_cat,2020,2020,4.782506327623757
82,angry_cat,2020,2020,4.782506327623757
83,angry_cat,2020,2020,4.782506327623757
84,angry_cat,2020,2020,4.782506327623757
85,angry_cat,2020,2020,4.782506327623757
86,angry_cat,2020,2020,4.782506327623757
87,angry_cat,2020,2020,4.782506327623757
88,angry_cat,2020,2020,4.782506327623757
89,angry_cat,2020,2020,4.782506327623757
90,angry_cat,2020,2020,4.782506327623757
91,angry_cat,2020,2020,4.782506327623757
92,angry_cat,2020,2020,4.782506327623757
93,angry_cat,2020,2020,4.782506327623757
94,angry_cat,2020,2020,4.782506327623757
95,angry_cat,2020,2020,4.782506327623757
96,angry_cat,2020,2020,4.782506327623757
97,angry_cat,2020,2020,4.782506327623757
98,angry_cat,2020,2020,4.782506327623757
99,angry_cat,2020,2020,4.782506327623757
100,angry_cat,2020,2020,4.782506327623757
101,angry_cat,2020,2020,4.782506327623757
102,angry_cat,2020,2020,4.782506327623757
103,angry_cat,2020,2020,4.782506327623757
104,angry_cat,2020,2020,4.782506327623757
105,angry_cat,2021,2021,4.803475134811264
106,angry_cat,2021,2021,4.803475134811264
107,angry_cat,2021,2021,4.803475134811264
108,angry_cat,2021,2021,4.803475134811264
109,angry_cat,2021,2021,4.803475134811264
110,angry_cat,2021,2021,4.803475134811264
111,angry_cat,2021,2021,4.803475134811264
112,angry_cat,2021,2021,4.803475134811264
113,angry_cat,2021,2021,4.803475134811264
114,angry_cat,2021,2021,4.803475134811264
115,angry_cat,2021,2021,4.803475134811264
116,angry_cat,2021,2021,4.803475134811264
117,angry_cat,2021,2021,4.803475134811264
118,angry_cat,2021,2021,4.803475134811264
119,angry_cat,2021,2021,4.803475134811264
120,angry_cat,2021,2021,4.803475134811264
121,angry_cat,2021,2021,4.803475134811264
122,angry_cat,2021,2021,4.803475134811264
123,angry_cat,2021,2021,4.803475134811264
124,angry_cat,2021,2021,4.803475134811264
125,angry_cat,2021,2021,4.803475134811264
126,angry_cat,2021,2021,4.803475134811264
127,angry_cat,2021,2021,4.803475134811264
128,angry_cat,2021,2021,4.803475134811264
129,angry_cat,2021,2021,4.803475134811264
130,angry_cat,2021,2021,4.803475134811264
131,fast_duck,2019,2019,4.643574818505802
132,fast_duck,2019,2019,4.643574818505802
133,fast_duck,2019,2019,4.643574818505802
134,fast_duck,2019,2019,4.643574818505802
135,fast_duck,2019,2019,4.643574818505802
136,fast_duck,2019,2019,4.643574818505802
137,fast_duck,2019,2019,4.643574818505802
138,fast_duck,2019,2019,4.643574818505802
139,fast_duck,2019,2019,4.643574818505802
140,fast_duck,2019,2019,4.643574818505802
141,fast_duck,2019,2019,4.643574818505802
142,fast_duck,2019,2019,4.643574818505802
143,fast_duck,2019,2019,4.643574818505802
144,fast_duck,2019,2019,4.643574818505802
145,fast_duck,2019,2019,4.643574818505802
146,fast_duck,2019,2019,4.643574818505802
147,fast_duck,2019,2019,4.643574818505802
148,fast_duck,2019,2019,4.643574818505802
149,fast_duck,2019,2019,4.643574818505802
150,fast_duck,2019,2019,4.643574818505802
151,fast_duck,2019,2019,4.643574818505802
152,fast_duck,2019,2019,4.643574818505802
153,fast_duck,2019,2019,4.643574818505802
154,fast_duck,2019,2019,4.643574818505802
155,fast_duck,2019,2019,4.643574818505802
156,fast_duck,2019,2019,4.643574818505802
157,fast_duck,2019,2019,4.643574818505802
158,fast_duck,2019,2019,4.643574818505802
159,fast_duck,2019,2019,4.643574818505802
160,fast_duck,2019,2019,4.643574818505802
161,fast_duck,2019,2019,4.643574818505802
162,fast_duck,2019,2019,4.643574818505802
163,fast_duck,2019,2019,4.643574818505802
164,fast_duck,2019,2019,4.643574818505802
165,fast_duck,2019,2019,4.643574818505802
166,fast_duck,2019,2019,4.643574818505802
167,fast_duck,2019,2019,4.643574818505802
168,fast_duck,2019,2019,4.643574818505802
169,fast_duck,2019,2019,4.643574818505802
170,fast_duck,2019,2019,4.643574818505802
171,fast_duck,2019,2019,4.643574818505802
172,fast_duck,2019,2019,4.643574818505802
173,fast_duck,2019,2019,4.643574818505802
174,fast_duck,2019,2019,4.643574818505802
175,fast_duck,2019,2019,4.643574818505802
176,fast_duck,2019,2019,4.643574818505802
177,fast_duck,2019,2019,4.643574818505802
178,fast_duck,2019,2019,4.643574818505802
179,fast_duck,2019,2019,4.643574818505802
180,fast_duck,2019,2019,4.643574818505802
181,fast_duck,2019,2019,4.643574818505802
182,fast_duck,2019,2019,4.643574818505802
183,fast_duck,2020,2020,4.616838283617025
184,fast_duck,2020,2020,4.616838283617025
185,fast_duck,2020,2020,4.616838283617025
186,fast_duck,2020,2020,4.616838283617025
187,fast_duck,2020,2020,4.616838283617025
188,fast_duck,2020,2020,4.616838283617025
189,fast_duck,2020,2020,4.616838283617025
190,fast_duck,2020,2020,4.616838283617025
191,fast_duck,2020,2020,4.616838283617025
192,fast_duck,2020,2020,4.616838283617025
193,fast_duck,2020,2020,4.616838283617025
194,fast_duck,2020,2020,4.616838283617025
195,fast_duck,2020,2020,4.616838283617025
196,fast_duck,2020,2020,4.616838283617025
197,fast_duck,2020,2020,4.616838283617025
198,fast_duck,2020,2020,4.616838283617025
199,fast_duck,2020,2020,4.616838283617025
200,fast_duck,2020,2020,4.616838283617025
201,fast_duck,2020,2020,4.616838283617025
202,fast_duck,2020,2020,4.616838283617025
203,fast_duck,2020,2020,4.616838283617025
204,fast_duck,2020,2020,4.616838283617025
205,fast_duck,2020,2020,4.616838283617025
206,fast_duck,2020,2020,4.616838283617025
207,fast_duck,2020,2020,4.616838283617025
208,fast_duck,2020,2020,4.616838283617025
209,fast_duck,2020,2020,4.616838283617025
210,fast_duck,2020,2020,4.616838283617025
211,fast_duck,2020,2020,4.616838283617025
212,fast_duck,2020,2020,4.616838283617025
213,fast_duck,2020,2020,4.616838283617025
214,fast_duck,2020,2020,4.616838283617025
215,fast_duck,2020,2020,4.616838283617025
216,fast_duck,2020,2020,4.616838283617025
217,fast_duck,2020,2020,4.616838283617025
218,fast_duck,2020,2020,4.616838283617025
219,fast_duck,2020,2020,4.616838283617025
220,fast_duck,2020,2020,4.616838283617025
221,fast_duck,2020,2020,4.616838283617025
222,fast_duck,2020,2020,4.616838283617025
223,fast_duck,2020,2020,4.616838283617025
224,fast_duck,2020,2020,4.616838283617025
225,fast_duck,2020,2020,4.616838283617025
226,fast_duck,2020,2020,4.616838283617025
227,fast_duck,2020,2020,4.616838283617025
228,fast_duck,2020,2020,4.616838283617025
229,fast_duck,2020,2020,4.616838283617025
230,fast_duck,2020,2020,4.616838283617025
231,fast_duck,2020,2020,4.616838283617025
232,fast_duck,2020,2020,4.616838283617025
233,fast_duck,2020,2020,4.616838283617025
234,fast_duck,2020,2020,4.616838283617025
235,fast_duck,2020,2020,4.616838283617025
236,fast_duck,2021,2021,4.421770630853508
237,fast_duck,2021,2021,4.421770630853508
238,fast_duck,2021,2021,4.421770630853508
239,fast_duck,2021,2021,4.421770630853508
240,fast_duck,2021,2021,4.421770630853508
241,fast_duck,2021,2021,4.421770630853508
242,fast_duck,2021,2021,4.421770630853508
243,fast_duck,2021,2021,4.421770630853508
244,fast_duck,2021,2021,4.421770630853508
245,fast_duck,2021,2021,4.421770630853508
246,fast_duck,2021,2021,4.421770630853508
247,fast_duck,2021,2021,4.421770630853508
248,fast_duck,2021,2021,4.421770630853508
249,fast_duck,2021,2021,4.421770630853508
250,fast_duck,2021,2021,4.421770630853508
251,fast_duck,2021,2021,4.421770630853508
252,fast_duck,2021,2021,4.421770630853508
253,fast_duck,2021,2021,4.421770630853508
254,fast_duck,2021,2021,4.421770630853508
255,fast_duck,2021,2021,4.421770630853508
256,fast_duck,2021,2021,4.421770630853508
257,fast_duck,2021,2021,4.421770630853508
258,fast_duck,2021,2021,4.421770630853508
259,fast_duck,2021,2021,4.421770630853508
260,fast_duck,2021,2021,4.421770630853508
261,fast_duck,2021,2021,4.421770630853508
262,gold_plane,2019,2019,6.98753241960987
263,gold_plane,2019,2019,6.98753241960987
264,gold_plane,2019,2019,6.98753241960987
265,gold_plane,2019,2019,6.98753241960987
266,gold_plane,2019,2019,6.98753241960987
267,gold_plane,2019,2019,6.98753241960987
268,gold_plane,2019,2019,6.98753241960987
269,gold_plane,2019,2019,6.98753241960987
270,gold_plane,2019,2019,6.98753241960987
271,gold_plane,2019,2019,6.98753241960987
272,gold_plane,2019,2019,6.98753241960987
273,gold_plane,2019,2019,6.98753241960987
274,gold_plane,2019,2019,6.98753241960987
275,gold_plane,2019,2019,6.98753241960987
276,gold_plane,2019,2019,6.98753241960987
277,gold_plane,2019,2019,6.98753241960987
278,gold_plane,2019,2019,6.98753241960987
279,gold_plane,2019,2019,6.98753241960987
280,gold_plane,2019,2019,6.98753241960987
281,gold_plane,2019,2019,6.98753241960987
282,gold_plane,2019,2019,6.98753241960987
283,gold_plane,2019,2019,6.98753241960987
284,gold_plane,2019,2019,6.98753241960987
285,gold_plane,2019,2019,6.98753241960987
286,gold_plane,2019,2019,6.98753241960987
287,gold_plane,2019,2019,6.98753241960987
288,gold_plane,2019,2019,6.98753241960987
289,gold_plane,2019,2019,6.98753241960987
290,gold_plane,2019,2019,6.98753241960987
291,gold_plane,2019,2019,6.98753241960987
292,gold_plane,2019,2019,6.98753241960987
293,gold_plane,2019,2019,6.98753241960987
294,gold_plane,2019,2019,6.98753241960987
295,gold_plane,2019,2019,6.98753241960987
296,gold_plane,2019,2019,6.98753241960987
297,gold_plane,2019,2019,6.98753241960987
298,gold_plane,2019,2019,6.98753241960987
299,gold_plane,2019,2019,6.98753241960987
300,gold_plane,2019,2019,6.98753241960987
301,gold_plane,2019,2019,6.98753241960987
302,gold_plane,2019,2019,6.98753241960987
303,gold_plane,2019,2019,6.98753241960987
304,gold_plane,2019,2019,6.98753241960987
305,gold_plane,2019,2019,6.98753241960987
306,gold_plane,2019,2019,6.98753241960987
307,gold_plane,2019,2019,6.98753241960987
308,gold_plane,2019,2019,6.98753241960987
309,gold_plane,2019,2019,6.98753241960987
310,gold_plane,2019,2019,6.98753241960987
311,gold_plane,2019,2019,6.98753241960987
312,gold_plane,2019,2019,6.98753241960987
313,gold_plane,2019,2019,6.98753241960987
314,gold_plane,2020,2020,7.093794499444875
315,gold_plane,2020,2020,7.093794499444875
316,gold_plane,2020,2020,7.093794499444875
317,gold_plane,2020,2020,7.093794499444875
318,gold_plane,2020,2020,7.093794499444875
319,gold_plane,2020,2020,7.093794499444875
320,gold_plane,2020,2020,7.093794499444875
321,gold_plane,2020,2020,7.093794499444875
322,gold_plane,2020,2020,7.093794499444875
323,gold_plane,2020,2020,7.093794499444875
324,gold_plane,2020,2020,7.093794499444875
325,gold_plane,2020,2020,7.093794499444875
326,gold_plane,2020,2020,7.093794499444875
327,gold_plane,2020,2020,7.093794499444875
328,gold_plane,2020,2020,7.093794499444875
329,gold_plane,2020,2020,7.093794499444875
330,gold_plane,2020,2020,7.093794499444875
331,gold_plane,2020,2020,7.093794499444875
332,gold_plane,2020,2020,7.093794499444875
333,gold_plane,2020,2020,7.093794499444875
334,gold_plane,2020,2020,7.093794499444875
335,gold_plane,2020,2020,7.093794499444875
336,gold_plane,2020,2020,7.093794499444875
337,gold_plane,2020,2020,7.093794499444875
338,gold_plane,2020,2020,7.093794499444875
339,gold_plane,2020,2020,7.093794499444875
340,gold_plane,2020,2020,7.093794499444875
341,gold_plane,2020,2020,7.093794499444875
342,gold_plane,2020,2020,7.093794499444875
343,gold_plane,2020,2020,7.093794499444875
344,gold_plane,2020,2020,7.093794499444875
345,gold_plane,2020,2020,7.093794499444875
346,gold_plane,2020,2020,7.093794499444875
347,gold_plane,2020,2020,7.093794499444875
348,gold_plane,2020,2020,7.093794499444875
349,gold_plane,2020,2020,7.093794499444875
350,gold_plane,2020,2020,7.093794499444875
351,gold_plane,2020,2020,7.093794499444875
352,gold_plane,2020,2020,7.093794499444875
353,gold_plane,2020,2020,7.093794499444875
354,gold_plane,2020,2020,7.093794499444875
355,gold_plane,2020,2020,7.093794499444875
356,gold_plane,2020,2020,7.093794499444875
357,gold_plane,2020,2020,7.093794499444875
358,gold_plane,2020,2020,7.093794499444875
359,gold_plane,2020,2020,7.093794499444875
360,gold_plane,2020,2020,7.093794499444875
361,gold_plane,2020,2020,7.093794499444875
362,gold_plane,2020,2020,7.093794499444875
363,gold_plane,2020,2020,7.093794499444875
364,gold_plane,2020,2020,7.093794499444875
365,gold_plane,2020,2020,7.093794499444875
366,gold_plane,2020,2020,7.093794499444875
367,gold_plane,2021,2021,6.961862308073304
368,gold_plane,2021,2021,6.961862308073304
369,gold_plane,2021,2021,6.961862308073304
370,gold_plane,2021,2021,6.961862308073304
371,gold_plane,2021,2021,6.961862308073304
372,gold_plane,2021,2021,6.961862308073304
373,gold_plane,2021,2021,6.961862308073304
374,gold_plane,2021,2021,6.961862308073304
375,gold_plane,2021,2021,6.961862308073304
376,gold_plane,2021,2021,6.961862308073304
377,gold_plane,2021,2021,6.961862308073304
378,gold_plane,2021,2021,6.961862308073304
379,gold_plane,2021,2021,6.961862308073304
380,gold_plane,2021,2021,6.961862308073304
381,gold_plane,2021,2021,6.961862308073304
382,gold_plane,2021,2021,6.961862308073304
383,gold_plane,2021,2021,6.961862308073304
384,gold_plane,2021,2021,6.961862308073304
385,gold_plane,2021,2021,6.961862308073304
386,gold_plane,2021,2021,6.961862308073304
387,gold_plane,2021,2021,6.961862308073304
388,gold_plane,2021,2021,6.961862308073304
389,gold_plane,2021,2021,6.961862308073304
390,gold_plane,2021,2021,6.961862308073304
391,gold_plane,2021,2021,6.961862308073304
392,gold_plane,2021,2021,6.961862308073304
393,gracious_road,2019,2019,20.92636779804909
394,gracious_road,2019,2019,20.92636779804909
395,gracious_road,2019,2019,20.92636779804909
396,gracious_road,2019,2019,20.92636779804909
397,gracious_road,2019,2019,20.92636779804909
398,gracious_road,2019,2019,20.92636779804909
399,gracious_road,2019,2019,20.92636779804909
400,gracious_road,2019,2019,20.92636779804909
401,gracious_road,2019,2019,20.92636779804909
402,gracious_road,2019,2019,20.92636779804909
403,gracious_road,2019,2019,20.92636779804909
404,gracious_road,2019,2019,20.92636779804909
405,gracious_road,2019,2019,20.92636779804909
406,gracious_road,2019,2019,20.92636779804909
407,gracious_road,2019,2019,20.92636779804909
408,gracious_road,2019,2019,20.92636779804909
409,gracious_road,2019,2019,20.92636779804909
410,gracious_road,2019,2019,20.92636779804909
411,gracious_road,2019,2019,20.92636779804909
412,gracious_road,2019,2019,20.92636779804909
413,gracious_road,2019,2019,20.92636779804909
414,gracious_road,2019,2019,20.92636779804909
415,gracious_road,2019,2019,20.92636779804909
416,gracious_road,2019,2019,20.92636779804909
417,gracious_road,2019,2019,20.92636779804909
418,gracious_road,2019,2019,20.92636779804909
419,gracious_road,2019,2019,20.92636779804909
420,gracious_road,2019,2019,20.92636779804909
421,gracious_road,2019,2019,20.92636779804909
422,gracious_road,2019,2019,20.92636779804909
423,gracious_road,2019,2019,20.92636779804909
424,gracious_road,2019,2019,20.92636779804909
425,gracious_road,2019,2019,20.92636779804909
426,gracious_road,2019,2019,20.92636779804909
427,gracious_road,2019,2019,20.92636779804909
428,gracious_road,2019,2019,20.92636779804909
429,gracious_road,2019,2019,20.92636779804909
430,gracious_road,2019,2019,20.92636779804909
431,gracious_road,2019,2019,20.92636779804909
432,gracious_road,2019,2019,20.92636779804909
433,gracious_road,2019,2019,20.92636779804909
434,gracious_road,2019,2019,20.92636779804909
435,gracious_road,2019,2019,20.92636779804909
436,gracious_road,2019,2019,20.92636779804909
437,gracious_road,2019,2019,20.92636779804909
438,gracious_road,2019,2019,20.92636779804909
439,gracious_road,2019,2019,20.92636779804909
440,gracious_road,2019,2019,20.92636779804909
441,gracious_road,2019,2019,20.92636779804909
442,gracious_road,2019,2019,20.92636779804909
443,gracious_road,2019,2019,20.92636779804909
444,gracious_road,2019,2019,20.92636779804909
445,gracious_road,2020,2020,20.101506763240362
446,gracious_road,2020,2020,20.101506763240362
447,gracious_road,2020,2020,20.101506763240362
448,gracious_road,2020,2020,20.101506763240362
449,gracious_road,2020,2020,20.101506763240362
450,gracious_road,2020,2020,20.101506763240362
451,gracious_road,2020,2020,20.101506763240362
452,gracious_road,2020,2020,20.101506763240362
453,gracious_road,2020,2020,20.101506763240362
454,gracious_road,2020,2020,20.101506763240362
455,gracious_road,2020,2020,20.101506763240362
456,gracious_road,2020,2020,20.101506763240362
457,gracious_road,2020,2020,20.101506763240362
458,gracious_road,2020,2020,20.101506763240362
459,gracious_road,2020,2020,20.101506763240362
460,gracious_road,2020,2020,20.101506763240362
461,gracious_road,2020,2020,20.101506763240362
462,gracious_road,2020,2020,20.101506763240362
463,gracious_road,2020,2020,20.101506763240362
464,gracious_road,2020,2020,20.101506763240362
465,gracious_road,2020,2020,20.101506763240362
466,gracious_road,2020,2020,20.101506763240362
467,gracious_road,2020,2020,20.101506763240362
468,gracious_road,2020,2020,20.101506763240362
469,gracious_road,2020,2020,20.101506763240362
470,gracious_road,2020,2020,20.101506763240362
471,gracious_road,2020,2020,20.101506763240362
472,gracious_road,2020,2020,20.101506763240362
473,gracious_road,2020,2020,20.101506763240362
474,gracious_road,2020,2020,20.101506763240362
475,gracious_road,2020,2020,20.101506763240362
476,gracious_road,2020,2020,20.101506763240362
477,gracious_road,2020,2020,20.101506763240362
478,gracious_road,2020,2020,20.101506763240362
479,gracious_road,2020,2020,20.101506763240362
480,gracious_road,2020,2020,20.101506763240362
481,gracious_road,2020,2020,20.101506763240362
482,gracious_road,2020,2020,20.101506763240362
483,gracious_road,2020,2020,20.101506763240362
484,gracious_road,2020,2020,20.101506763240362
485,gracious_road,2020,2020,20.101506763240362
486,gracious_road,2020,2020,20.101506763240362
487,gracious_road,2020,2020,20.101506763240362
488,gracious_road,2020,2020,20.101506763240362
489,gracious_road,2020,2020,20.101506763240362
490,gracious_road,2020,2020,20.101506763240362
491,gracious_road,2020,2020,20.101506763240362
492,gracious_road,2020,2020,20.101506763240362
493,gracious_road,2020,2020,20.101506763240362
494,gracious_road,2020,2020,20.101506763240362
495,gracious_road,2020,2020,20.101506763240362
496,gracious_road,2020,2020,20.101506763240362
497,gracious_road,2020,2020,20.101506763240362
498,gracious_road,2021,2021,20.39090143218197
499,gracious_road,2021,2021,20.39090143218197
500,gracious_road,2021,2021,20.39090143218197
501,gracious_road,2021,2021,20.39090143218197
502,gracious_road,2021,2021,20.39090143218197
503,gracious_road,2021,2021,20.39090143218197
504,gracious_road,2021,2021,20.39090143218197
505,gracious_road,2021,2021,20.39090143218197
506,gracious_road,2021,2021,20.39090143218197
507,gracious_road,2021,2021,20.39090143218197
508,gracious_road,2021,2021,20.39090143218197
509,gracious_road,2021,2021,20.39090143218197
510,gracious_road,2021,2021,20.39090143218197
511,gracious_road,2021,2021,20.39090143218197
512,gracious_road,2021,2021,20.39090143218197
513,gracious_road,2021,2021,20.39090143218197
514,gracious_road,2021,2021,20.39090143218197
515,gracious_road,2021,2021,20.39090143218197
516,gracious_road,2021,2021,20.39090143218197
517,gracious_road,2021,2021,20.39090143218197
518,gracious_road,2021,2021,20.39090143218197
519,gracious_road,2021,2021,20.39090143218197
520,gracious_road,2021,2021,20.39090143218197
521,gracious_road,2021,2021,20.39090143218197
522,gracious_road,2021,2021,20.39090143218197
523,gracious_road,2021,2021,20.39090143218197
524,precious_liquid,2019,2019,23.524505429585364
525,precious_liquid,2019,2019,23.524505429585364
526,precious_liquid,2019,2019,23.524505429585364
527,precious_liquid,2019,2019,23.524505429585364
528,precious_liquid,2019,2019,23.524505429585364
529,precious_liquid,2019,2019,23.524505429585364
530,precious_liquid,2019,2019,23.524505429585364
531,precious_liquid,2019,2019,23.524505429585364
532,precious_liquid,2019,2019,23.524505429585364
533,precious_liquid,2019,2019,23.524505429585364
534,precious_liquid,2019,2019,23.524505429585364
535,precious_liquid,2019,2019,23.524505429585364
536,precious_liquid,2019,2019,23.524505429585364
537,precious_liquid,2019,2019,23.524505429585364
538,precious_liquid,2019,2019,23.524505429585364
539,precious_liquid,2019,2019,23.524505429585364
540,precious_liquid,2019,2019,23.524505429585364
541,precious_liquid,2019,2019,23.524505429585364
542,precious_liquid,2019,2019,23.524505429585364
543,precious_liquid,2019,2019,23.524505429585364
544,precious_liquid,2019,2019,23.524505429585364
545,precious_liquid,2019,2019,23.524505429585364
546,precious_liquid,2019,2019,23.524505429585364
547,precious_liquid,2019,2019,23.524505429585364
548,precious_liquid,2019,2019,23.524505429585364
549,precious_liquid,2019,2019,23.524505429585364
550,precious_liquid,2019,2019,23.524505429585364
551,precious_liquid,2019,2019,23.524505429585364
552,precious_liquid,2019,2019,23.524505429585364
553,precious_liquid,2019,2019,23.524505429585364
554,precious_liquid,2019,2019,23.524505429585364
555,precious_liquid,2019,2019,23.524505429585364
556,precious_liquid,2019,2019,23.524505429585364
557,precious_liquid,2019,2019,23.524505429585364
558,precious_liquid,2019,2019,23.524505429585364
559,precious_liquid,2019,2019,23.524505429585364
560,precious_liquid,2019,2019,23.524505429585364
561,precious_liquid,2019,2019,23.524505429585364
562,precious_liquid,2019,2019,23.524505429585364
563,precious_liquid,2019,2019,23.524505429585364
564,precious_liquid,2019,2019,23.524505429585364
565,precious_liquid,2019,2019,23.524505429585364
566,precious_liquid,2019,2019,23.524505429585364
567,precious_liquid,2019,2019,23.524505429585364
568,precious_liquid,2019,2019,23.524505429585364
569,precious_liquid,2019,2019,23.524505429585364
570,precious_liquid,2019,2019,23.524505429585364
571,precious_liquid,2019,2019,23.524505429585364
572,precious_liquid,2019,2019,23.524505429585364
573,precious_liquid,2019,2019,23.524505429585364
574,precious_liquid,2019,2019,23.524505429585364
575,precious_liquid,2019,2019,23.524505429585364
576,precious_liquid,2020,2020,23.758535351710684
577,precious_liquid,2020,2020,23.758535351710684
578,precious_liquid,2020,2020,23.758535351710684
579,precious_liquid,2020,2020,23.758535351710684
580,precious_liquid,2020,2020,23.758535351710684
581,precious_liquid,2020,2020,23.758535351710684
582,precious_liquid,2020,2020,23.758535351710684
583,precious_liquid,2020,2020,23.758535351710684
584,precious_liquid,2020,2020,23.758535351710684
585,precious_liquid,2020,2020,23.758535351710684
586,precious_liquid,2020,2020,23.758535351710684
587,precious_liquid,2020,2020,23.758535351710684
588,precious_liquid,2020,2020,23.758535351710684
589,precious_liquid,2020,2020,23.758535351710684
590,precious_liquid,2020,2020,23.758535351710684
591,precious_liquid,2020,2020,23.758535351710684
592,precious_liquid,2020,2020,23.758535351710684
593,precious_liquid,2020,2020,23.758535351710684
594,precious_liquid,2020,2020,23.758535351710684
595,precious_liquid,2020,2020,23.758535351710684
596,precious_liquid,2020,2020,23.758535351710684
597,precious_liquid,2020,2020,23.758535351710684
598,precious_liquid,2020,2020,23.758535351710684
599,precious_liquid,2020,2020,23.758535351710684
600,precious_liquid,2020,2020,23.758535351710684
601,precious_liquid,2020,2020,23.758535351710684
602,precious_liquid,2020,2020,23.758535351710684
603,precious_liquid,2020,2020,23.758535351710684
604,precious_liquid,2020,2020,23.758535351710684
605,precious_liquid,2020,2020,23.758535351710684
606,precious_liquid,2020,2020,23.758535351710684
607,precious_liquid,2020,2020,23.758535351710684
608,precious_liquid,2020,2020,23.758535351710684
609,precious_liquid,2020,2020,23.758535351710684
610,precious_liquid,2020,2020,23.758535351710684
611,precious_liquid,2020,2020,23.758535351710684
612,precious_liquid,2020,2020,23.758535351710684
613,precious_liquid,2020,2020,23.758535351710684
614,precious_liquid,2020,2020,23.758535351710684
615,precious_liquid,2020,2020,23.758535351710684
616,precious_liquid,2020,2020,23.758535351710684
617,precious_liquid,2020,2020,23.758535351710684
618,precious_liquid,2020,2020,23.758535351710684
619,precious_liquid,2020,2020,23.758535351710684
620,precious_liquid,2020,2020,23.758535351710684
621,precious_liquid,2020,2020,23.758535351710684
622,precious_liquid,2020,2020,23.758535351710684
623,precious_liquid,2020,2020,23.758535351710684
624,precious_liquid,2020,2020,23.758535351710684
625,precious_liquid,2020,2020,23.758535351710684
626,precious_liquid,2020,2020,23.758535351710684
627,precious_liquid,2020,2020,23.758535351710684
628,precious_liquid,2020,2020,23.758535351710684
629,precious_liquid,2021,2021,23.655572365103378
630,precious_liquid,2021,2021,23.655572365103378
631,precious_liquid,2021,2021,23.655572365103378
632,precious_liquid,2021,2021,23.655572365103378
633,precious_liquid,2021,2021,23.655572365103378
634,precious_liquid,2021,2021,23.655572365103378
635,precious_liquid,2021,2021,23.655572365103378
636,precious_liquid,2021,2021,23.655572365103378
637,precious_liquid,2021,2021,23.655572365103378
638,precious_liquid,2021,2021,23.655572365103378
639,precious_liquid,2021,2021,23.655572365103378
640,precious_liquid,2021,2021,23.655572365103378
641,precious_liquid,2021,2021,23.655572365103378
642,precious_liquid,2021,2021,23.655572365103378
643,precious_liquid,2021,2021,23.655572365103378
644,precious_liquid,2021,2021,23.655572365103378
645,precious_liquid,2021,2021,23.655572365103378
646,precious_liquid,2021,2021,23.655572365103378
647,precious_liquid,2021,2021,23.655572365103378
648,precious_liquid,2021,2021,23.655572365103378
649,precious_liquid,2021,2021,23.655572365103378
650,precious_liquid,2021,2021,23.655572365103378
651,precious_liquid,2021,2021,23.655572365103378
652,precious_liquid,2021,2021,23.655572365103378
653,precious_liquid,2021,2021,23.655572365103378
654,precious_liquid,2021,2021,23.655572365103378
