,YEAR_WEEK,BRAND,VOLUME_SO,relative_gap_to_90th_price
0,201827,ideal_mouse,9442.9,0.018910413023072586
1,201828,ideal_mouse,10590.2,0.017290016125800674
2,201829,ideal_mouse,12151.5,0.023018704224817516
3,201830,ideal_mouse,12681.8,0.020516444967385774
4,201831,ideal_mouse,15286.5,0.034943879984837604
5,201832,ideal_mouse,14011.5,0.0340724513194914
6,201833,ideal_mouse,12156.8,0.02664078844455889
7,201834,ideal_mouse,10566.3,0.015315679415584958
8,201835,ideal_mouse,8816.3,0.018916382599700573
9,201836,ideal_mouse,7487.3,0.018691782577766342
10,201837,ideal_mouse,7223.3,0.030375799497867395
11,201838,ideal_mouse,6378.8,0.03408590204454404
12,201839,ideal_mouse,5950.5,0.026617379875995887
13,201840,ideal_mouse,5780.6,0.01148071058612419
14,201841,ideal_mouse,5042.5,0.008311870965079335
15,201842,ideal_mouse,5144.9,0.008013901183372285
16,201843,ideal_mouse,7704.9,0.0955397523442044
17,201844,ideal_mouse,8073.8,0.045052949353587224
18,201845,ideal_mouse,5559.8,0.01885831228646489
19,201846,ideal_mouse,4404.0,0.006832989994898295
20,201847,ideal_mouse,4494.8,0.007960674432686379
21,201848,ideal_mouse,4802.3,0.0068570437054547365
22,201849,ideal_mouse,5605.5,0.0036672688456742147
23,201850,ideal_mouse,5928.9,0.0046779873022525734
24,201851,ideal_mouse,9377.3,0.006828367590762978
25,201852,ideal_mouse,7260.0,0.006856881916616464
26,201901,ideal_mouse,5013.0,0.003911285935845308
27,201902,ideal_mouse,3683.1,-0.0008861083184587335
28,201903,ideal_mouse,3738.8,-0.000259557330700225
29,201904,ideal_mouse,3792.0,-0.0001769319124157297
30,201905,ideal_mouse,4148.1,-0.0035858286586359198
31,201906,ideal_mouse,4397.7,0.004422353548186564
32,201907,ideal_mouse,4614.3,0.006544209468394987
33,201908,ideal_mouse,4622.3,0.00043102589522525035
34,201909,ideal_mouse,4832.3,-0.0015361497408680742
35,201910,ideal_mouse,4648.5,0.010275051222574199
36,201911,ideal_mouse,4510.8,-0.0019455705059027914
37,201912,ideal_mouse,4643.4,0.005530464928384995
38,201913,ideal_mouse,6392.0,0.014040471666745524
39,201914,ideal_mouse,5453.3,0.0023495476722727045
40,201915,ideal_mouse,5353.5,-0.000412376092062122
41,201916,ideal_mouse,7050.0,0.002593612113256603
42,201917,ideal_mouse,5579.1,0.0006579176143609986
43,201918,ideal_mouse,6356.7,0.007231836409751419
44,201919,ideal_mouse,6318.3,9.709537806777475e-05
45,201920,ideal_mouse,7546.9,0.013647315633512727
46,201921,ideal_mouse,8355.2,0.03589958973777882
47,201922,ideal_mouse,8362.7,0.014583311458131134
48,201923,ideal_mouse,7656.0,0.006794445203604958
49,201924,ideal_mouse,7217.3,0.0017311394423016495
50,201925,ideal_mouse,8101.0,0.010787687952213071
51,201926,ideal_mouse,9143.0,0.011697964246620896
52,201927,ideal_mouse,9925.3,0.011151954940668429
53,201928,ideal_mouse,12827.0,0.023044863002693133
54,201929,ideal_mouse,12809.3,0.018948008310420872
55,201930,ideal_mouse,12161.0,0.014401857952866741
56,201931,ideal_mouse,14062.7,0.020599756691555084
57,201932,ideal_mouse,13719.9,0.018634615128360954
58,201933,ideal_mouse,12515.6,0.014759341730044949
59,201934,ideal_mouse,11388.2,0.019071921674300437
60,201935,ideal_mouse,9694.7,0.01393160680068088
61,201936,ideal_mouse,8075.1,0.006371720539229913
62,201937,ideal_mouse,6874.7,0.009505987003215354
63,201938,ideal_mouse,6502.2,0.0063067401842305994
64,201939,ideal_mouse,5965.4,0.0021997777050837162
65,201940,ideal_mouse,7355.6,0.06139131961158029
66,201941,ideal_mouse,5607.7,0.020394912821310365
67,201942,ideal_mouse,5142.6,0.0062392754173266765
68,201943,ideal_mouse,5348.4,0.00417225158399082
69,201944,ideal_mouse,6174.6,0.01082098151583701
70,201945,ideal_mouse,5670.4,0.013809601445518693
71,201946,ideal_mouse,5071.5,0.01192423913538538
72,201947,ideal_mouse,6452.0,0.024472680386081865
73,201948,ideal_mouse,5810.5,0.021942066286656552
74,201949,ideal_mouse,5745.5,0.012118446653230492
75,201950,ideal_mouse,6225.1,0.014965567435064522
76,201951,ideal_mouse,8758.4,0.01816229591971126
77,201952,ideal_mouse,8300.6,0.017270318009284094
78,202001,ideal_mouse,6766.1,0.011226519501561347
79,202002,ideal_mouse,3765.1,0.0065149571242336425
80,202003,ideal_mouse,3947.5,0.005713987141193574
81,202004,ideal_mouse,4129.9,0.002590850566692945
82,202005,ideal_mouse,4422.7,0.0037549767089971268
83,202006,ideal_mouse,4389.5,0.0041531664573340125
84,202007,ideal_mouse,5151.7,0.006383337477351007
85,202008,ideal_mouse,4985.5,0.0032314383516494965
86,202009,ideal_mouse,5150.2,0.0036143570986366187
87,202010,ideal_mouse,4794.8,0.00620179776943759
88,202011,ideal_mouse,4843.8,0.0012365513463743227
89,202012,ideal_mouse,4007.1,-0.010243627468625177
90,202013,ideal_mouse,4387.7,-0.0037745016893713738
91,202014,ideal_mouse,4742.7,-0.004060339906001721
92,202015,ideal_mouse,6183.4,-0.0035412874429032247
93,202016,ideal_mouse,6045.6,-0.003783496558636129
94,202017,ideal_mouse,6257.6,-0.0022072158591095272
95,202018,ideal_mouse,5506.2,-0.0001456430671016066
96,202019,ideal_mouse,6544.2,-0.00036722604984762024
97,202020,ideal_mouse,7176.3,0.0015144184888882324
98,202021,ideal_mouse,8442.8,0.0038423851116115124
99,202022,ideal_mouse,9496.7,0.0093790078371286
100,202023,ideal_mouse,9199.3,0.010670234669048938
101,202024,ideal_mouse,7856.4,0.005675058737001611
102,202025,ideal_mouse,9619.6,0.014560554363411676
103,202026,ideal_mouse,8919.4,0.0027121990938324837
104,202027,ideal_mouse,9253.9,0.007896512051056195
105,202028,ideal_mouse,14019.0,0.055274492782436055
106,202029,ideal_mouse,12362.4,0.022381132833658335
107,202030,ideal_mouse,11596.8,0.010423650759451437
108,202031,ideal_mouse,12946.1,0.013732707939408815
109,202032,ideal_mouse,13137.6,0.014648316245362163
110,202033,ideal_mouse,12577.6,0.014144252097370778
111,202034,ideal_mouse,14650.6,0.034755231225355766
112,202035,ideal_mouse,11048.9,0.02775724403454788
113,202036,ideal_mouse,8200.8,0.006000752697694812
114,202037,ideal_mouse,7287.2,0.004929119399529647
115,202038,ideal_mouse,6775.8,0.010221326328588198
116,202039,ideal_mouse,6014.6,0.01375509681417661
117,202040,ideal_mouse,6062.2,0.02796615131326603
118,202041,ideal_mouse,5476.3,0.0076981441883552494
119,202042,ideal_mouse,5489.7,0.003674442435458676
120,202043,ideal_mouse,5604.6,0.0071632207916297016
121,202044,ideal_mouse,6085.8,0.0024988453626666428
122,202045,ideal_mouse,4803.3,0.001604623620431006
123,202046,ideal_mouse,5336.0,0.0019799387618873133
124,202047,ideal_mouse,5173.5,0.0019011448782127913
125,202048,ideal_mouse,5127.4,0.002797133729649222
126,202049,ideal_mouse,5892.2,0.032462126520994304
127,202050,ideal_mouse,6853.1,0.0526655800374343
128,202051,ideal_mouse,9236.3,0.04795593689949912
129,202052,ideal_mouse,8749.9,0.037912804018811315
130,202053,ideal_mouse,8676.6,0.03038086955643699
131,202101,ideal_mouse,4465.3,0.00445986319926946
132,202102,ideal_mouse,4706.0,0.0016457491647374751
133,202103,ideal_mouse,4638.3,-0.00024876774645647817
134,202104,ideal_mouse,5029.0,0.002559779007781525
135,202105,ideal_mouse,4849.9,0.0024102675147540087
136,202106,ideal_mouse,5176.0,0.0046970826107664765
137,202107,ideal_mouse,5344.1,0.0017533389105175556
138,202108,ideal_mouse,5625.9,0.0030557504194936125
139,202109,ideal_mouse,5929.1,0.008772560419463117
140,202110,ideal_mouse,5739.2,0.008114048851639629
141,202111,ideal_mouse,5593.7,0.006330384690027932
142,202112,ideal_mouse,5865.2,0.004815437341305374
143,202113,ideal_mouse,7500.7,0.0060802325354563464
144,202114,ideal_mouse,5652.0,0.0026550762576192147
145,202115,ideal_mouse,6278.8,0.002100539182740888
146,202116,ideal_mouse,6820.0,0.002152869905038452
147,202117,ideal_mouse,7419.2,0.01936160706308027
148,202118,ideal_mouse,9021.7,0.02287000949279582
149,202119,ideal_mouse,8648.3,0.011001848704144048
150,202120,ideal_mouse,8588.6,0.018297545676632988
151,202121,ideal_mouse,7900.7,0.01299961308079394
152,202122,ideal_mouse,9711.6,0.0141086014076136
153,202123,ideal_mouse,9327.9,0.011986249598162116
154,202124,ideal_mouse,9112.4,0.008739317347642465
155,202125,ideal_mouse,8798.8,0.008800301962610772
156,202126,ideal_mouse,9376.6,0.014332562850147681
157,201827,angry_cat,54743.2,0.06055419965761856
158,201828,angry_cat,53872.5,0.05825854009142611
159,201829,angry_cat,57470.5,0.06208450645204868
160,201830,angry_cat,61853.0,0.07233394254682256
161,201831,angry_cat,59208.0,0.066694366053254
162,201832,angry_cat,67569.0,0.0677339890240221
163,201833,angry_cat,57565.0,0.060316320349150174
164,201834,angry_cat,54176.3,0.05911217037344717
165,201835,angry_cat,70441.5,0.06931629575791287
166,201836,angry_cat,61789.0,0.06917952206228445
167,201837,angry_cat,67491.0,0.10496077946370673
168,201838,angry_cat,61214.0,0.07815757322547767
169,201839,angry_cat,52248.0,0.06189493401520687
170,201840,angry_cat,51832.1,0.061811025324936056
171,201841,angry_cat,52608.9,0.06747937535531588
172,201842,angry_cat,90337.9,0.09056260733161314
173,201843,angry_cat,59699.6,0.09358132252909063
174,201844,angry_cat,106824.0,0.09515463480823534
175,201845,angry_cat,88640.0,0.10660712499074422
176,201846,angry_cat,54370.0,0.07500057140821553
177,201847,angry_cat,60556.4,0.06721636006052284
178,201848,angry_cat,68454.5,0.07468572486644129
179,201849,angry_cat,86405.7,0.08167148969582153
180,201850,angry_cat,73969.8,0.07490413090834074
181,201851,angry_cat,88379.5,0.07135027880562184
182,201852,angry_cat,56877.0,0.057399463224319776
183,201901,angry_cat,55836.1,0.055507808741861016
184,201902,angry_cat,71604.4,0.05586347717004923
185,201903,angry_cat,72408.7,0.07029905690608262
186,201904,angry_cat,57193.5,0.09398494239965487
187,201905,angry_cat,51681.4,0.07988070143661065
188,201906,angry_cat,46821.9,0.029557454070350753
189,201907,angry_cat,44180.0,0.01155130445097506
190,201908,angry_cat,46491.3,0.012433925797359604
191,201909,angry_cat,53273.3,0.012348502095330182
192,201910,angry_cat,48122.3,0.009430786035126563
193,201911,angry_cat,63580.2,0.006956754403181496
194,201912,angry_cat,58518.9,0.04002175527230424
195,201913,angry_cat,59195.1,0.012844045289720002
196,201914,angry_cat,51323.3,0.004774374987140645
197,201915,angry_cat,52162.6,0.005606116541611111
198,201916,angry_cat,60582.6,0.007519055321644297
199,201917,angry_cat,59323.8,0.051347849113502535
200,201918,angry_cat,61859.6,0.038186887780810495
201,201919,angry_cat,60637.2,0.02244391679944799
202,201920,angry_cat,53124.1,0.007413113134057914
203,201921,angry_cat,52496.2,0.0024222503590338646
204,201922,angry_cat,53865.2,0.0030256593947849304
205,201923,angry_cat,55231.6,0.0018627219837400273
206,201924,angry_cat,81500.5,0.013127525519197552
207,201925,angry_cat,59493.8,0.009462511498784758
208,201926,angry_cat,47016.6,0.0014244024336684646
209,201927,angry_cat,49906.2,0.0011256026913902108
210,201928,angry_cat,50617.9,-0.0008582892156385505
211,201929,angry_cat,52172.4,0.0029756137786823844
212,201930,angry_cat,49555.8,0.0022403719285201255
213,201931,angry_cat,60778.2,0.004521104528442737
214,201932,angry_cat,57745.0,0.0022667906225334053
215,201933,angry_cat,55348.7,0.002553183798549018
216,201934,angry_cat,53347.7,0.0025110722044780305
217,201935,angry_cat,65615.0,0.00830248880043133
218,201936,angry_cat,57150.6,0.005825219399106129
219,201937,angry_cat,56859.1,0.006775061671868549
220,201938,angry_cat,52702.6,0.011119037893599481
221,201939,angry_cat,86000.3,0.014399380727815488
222,201940,angry_cat,50660.9,1.115730132097513e-06
223,201941,angry_cat,49989.3,0.005276517420716471
224,201942,angry_cat,84307.1,0.02939246772332764
225,201943,angry_cat,77444.6,0.032657898178799945
226,201944,angry_cat,72216.7,0.03635712463573838
227,201945,angry_cat,64831.9,0.021836607147036478
228,201946,angry_cat,54976.4,0.01758746426695025
229,201947,angry_cat,58507.2,0.010550588669328329
230,201948,angry_cat,65533.3,0.010746160108873679
231,201949,angry_cat,86292.8,0.026978172038340464
232,201950,angry_cat,86304.1,0.023587710021004616
233,201951,angry_cat,81943.7,0.02018237004458364
234,201952,angry_cat,61742.8,0.008674900542777012
235,202001,angry_cat,60015.2,0.0035394913519886636
236,202002,angry_cat,52410.2,0.005180864246485649
237,202003,angry_cat,52768.7,0.019309369905485835
238,202004,angry_cat,53488.0,0.030712095919943047
239,202005,angry_cat,53403.7,0.02194669991161812
240,202006,angry_cat,52048.0,0.008891048752505477
241,202007,angry_cat,51301.1,0.0029416710073397446
242,202008,angry_cat,55256.9,0.006674055605017424
243,202009,angry_cat,54615.1,0.004205318910543322
244,202010,angry_cat,67775.6,0.012752672039807398
245,202011,angry_cat,58148.1,0.006246330879209144
246,202012,angry_cat,44479.2,0.0043004773235960705
247,202013,angry_cat,42913.6,-0.0002807138266050892
248,202014,angry_cat,48659.9,0.003686273652862593
249,202015,angry_cat,57387.0,0.0041326674199840055
250,202016,angry_cat,50691.2,-1.6735951982081114e-06
251,202017,angry_cat,53386.7,0.002437139907007786
252,202018,angry_cat,51783.8,0.0010616148164982967
253,202019,angry_cat,59453.8,0.002076857906621629
254,202020,angry_cat,77685.1,0.010406247240895694
255,202021,angry_cat,70187.6,0.005615106166663514
256,202022,angry_cat,63936.6,8.660988681482674e-05
257,202023,angry_cat,67791.7,0.005587998327073887
258,202024,angry_cat,60062.3,0.0062179193312932556
259,202025,angry_cat,62503.3,0.001947721075898746
260,202026,angry_cat,55287.9,0.0021585188700112136
261,202027,angry_cat,56812.7,0.0023565305240909645
262,202028,angry_cat,68036.9,0.03959602273791116
263,202029,angry_cat,58594.6,0.013596914437376564
264,202030,angry_cat,55606.6,0.004537988413245828
265,202031,angry_cat,68460.8,0.006979465467604765
266,202032,angry_cat,63134.5,0.005505148439437897
267,202033,angry_cat,54826.5,0.003158822026312382
268,202034,angry_cat,77531.3,0.04346547970951509
269,202035,angry_cat,77474.0,0.04720977965610869
270,202036,angry_cat,59620.9,0.016963748859512375
271,202037,angry_cat,51364.8,0.0033220009693054426
272,202038,angry_cat,49092.8,0.0016445094911806033
273,202039,angry_cat,48559.4,0.001509562876248495
274,202040,angry_cat,52266.8,0.003695971562365229
275,202041,angry_cat,57285.7,0.03349425702720391
276,202042,angry_cat,90909.6,0.025087330675347005
277,202043,angry_cat,67846.7,0.025528228573934504
278,202044,angry_cat,77824.7,0.029466522406662258
279,202045,angry_cat,55317.7,0.019592252762948646
280,202046,angry_cat,52249.7,0.005318968632937405
281,202047,angry_cat,61085.5,0.0071442306143729584
282,202048,angry_cat,55559.9,0.004310827852663447
283,202049,angry_cat,94270.0,0.024836077198858095
284,202050,angry_cat,74492.0,0.020693041144341517
285,202051,angry_cat,83092.5,0.02241814084288961
286,202052,angry_cat,69729.5,0.016039802410541013
287,202053,angry_cat,58358.6,0.007200726460852542
288,202101,angry_cat,51576.1,0.004515429128222101
289,202102,angry_cat,53109.8,0.01845759634159798
290,202103,angry_cat,55327.3,0.038200528047526335
291,202104,angry_cat,55170.8,0.026518543966053704
292,202105,angry_cat,50194.1,0.011101300322664157
293,202106,angry_cat,50354.0,0.003657567645213237
294,202107,angry_cat,57173.3,0.03813907441311538
295,202108,angry_cat,53849.1,0.009643171927857493
296,202109,angry_cat,60744.4,0.011153003579584734
297,202110,angry_cat,57243.7,0.007088169293068278
298,202111,angry_cat,53066.0,0.0015581883140610498
299,202112,angry_cat,68857.3,0.013812704607391245
300,202113,angry_cat,67561.8,0.009504847997228163
301,202114,angry_cat,48933.6,-0.022692728488806525
302,202115,angry_cat,53628.1,-0.03424648592245727
303,202116,angry_cat,53307.8,-0.03790383778893799
304,202117,angry_cat,51125.0,-0.03763952118169446
305,202118,angry_cat,72680.2,-0.04623480498795152
306,202119,angry_cat,67434.5,-0.03545173335920168
307,202120,angry_cat,59953.0,-0.03870018164563485
308,202121,angry_cat,53833.9,-0.05315509937160831
309,202122,angry_cat,53074.2,-0.05659595855535527
310,202123,angry_cat,63038.9,-0.04737533594354137
311,202124,angry_cat,57579.0,-0.050491172389297075
312,202125,angry_cat,54346.5,-0.053460652172365675
313,202126,angry_cat,53172.4,-0.05618141444149536
314,201827,lully,127639.2,0.0806722411635536
315,201828,lully,128634.1,0.07532623569532898
316,201829,lully,124624.7,0.07645478883910477
317,201830,lully,128685.0,0.07359090617045899
318,201831,lully,148823.4,0.07476320634235975
319,201832,lully,146334.2,0.07723244276120957
320,201833,lully,127786.4,0.07252653374483982
321,201834,lully,111716.1,0.07145105401826897
322,201835,lully,127759.4,0.08724969192899999
323,201836,lully,111886.0,0.08104576869768611
324,201837,lully,95427.9,0.07316474995226138
325,201838,lully,89120.9,0.07419587801184489
326,201839,lully,89917.3,0.07488391042943059
327,201840,lully,87764.3,0.07431338969367589
328,201841,lully,130105.9,0.07521427993045425
329,201842,lully,86457.5,0.07816565361283337
330,201843,lully,81281.3,0.07434204523515994
331,201844,lully,91140.7,0.07246675791698605
332,201845,lully,95185.1,0.08546511371390521
333,201846,lully,87435.8,0.0786083782557792
334,201847,lully,81460.9,0.0735262854507633
335,201848,lully,85997.0,0.07521039571968523
336,201849,lully,97012.3,0.07841672273408544
337,201850,lully,102024.3,0.08096594996144242
338,201851,lully,130699.0,0.08625745353732206
339,201852,lully,102055.2,0.0806363238646179
340,201901,lully,81337.5,0.0712920969713619
341,201902,lully,112857.5,0.06964925545716982
342,201903,lully,92140.6,0.07248393383009416
343,201904,lully,76586.8,0.07214914585041717
344,201905,lully,82321.1,0.05171496281023756
345,201906,lully,78047.0,0.018758739240613075
346,201907,lully,77953.1,0.016647313766848384
347,201908,lully,80220.0,0.016222333731182984
348,201909,lully,83677.2,0.015646406668766887
349,201910,lully,79472.1,0.014962239853691606
350,201911,lully,77972.8,0.01469876983412958
351,201912,lully,93118.3,0.02044585837375514
352,201913,lully,87591.1,0.02033549348769876
353,201914,lully,83780.8,0.014836291909016811
354,201915,lully,89226.5,0.013164631661282171
355,201916,lully,101363.6,0.01213076438627588
356,201917,lully,82206.1,0.009962656484900204
357,201918,lully,89653.1,0.008972446371725666
358,201919,lully,92620.6,0.013121465129091962
359,201920,lully,83468.1,0.008514635335159447
360,201921,lully,84350.0,0.005806675246649928
361,201922,lully,98126.8,0.00565839744337682
362,201923,lully,109161.8,0.006724597834399741
363,201924,lully,103572.5,0.008900575254566454
364,201925,lully,105602.7,0.009853743518982303
365,201926,lully,108207.3,0.0060797325200969785
366,201927,lully,118115.5,0.0082142447645704
367,201928,lully,114694.1,0.006642091883324786
368,201929,lully,109011.7,0.005587818749207478
369,201930,lully,118202.0,0.006597055735523026
370,201931,lully,127290.6,0.007820266764564736
371,201932,lully,125691.7,0.0076422355800182876
372,201933,lully,114729.0,0.006192029653766226
373,201934,lully,103628.4,0.005809507439541189
374,201935,lully,99355.8,0.006021162893078706
375,201936,lully,98462.3,0.00918370078028507
376,201937,lully,97267.9,0.012565597830958165
377,201938,lully,87796.4,0.010162293824551851
378,201939,lully,78409.5,0.007204054068521873
379,201940,lully,82187.2,0.0095657246435419
380,201941,lully,132126.0,0.029046907870403642
381,201942,lully,80262.7,0.013765658213059143
382,201943,lully,75063.5,0.007512210846207939
383,201944,lully,80493.8,0.00914190239578534
384,201945,lully,82588.9,0.009146183363767735
385,201946,lully,85146.2,0.015539666113951394
386,201947,lully,86588.6,0.016996547385054045
387,201948,lully,83205.7,0.015383699681967403
388,201949,lully,82134.1,0.014168838665072273
389,201950,lully,90760.5,0.015379206366078113
390,201951,lully,103382.6,0.01447880304149406
391,201952,lully,87971.2,0.008029067881855603
392,202001,lully,80055.2,0.0063366769840731505
393,202002,lully,66952.3,0.004043730606344882
394,202003,lully,66533.1,0.0028797165699446163
395,202004,lully,66094.2,0.001450795543463749
396,202005,lully,68992.9,0.001421269105304429
397,202006,lully,71772.0,0.0015019042555411352
398,202007,lully,81605.1,0.008329485653823526
399,202008,lully,77928.9,0.006518447706090397
400,202009,lully,74329.8,0.0005332823916842609
401,202010,lully,74459.0,0.0012166852208393747
402,202011,lully,80097.0,0.000854204589783592
403,202012,lully,99520.3,0.00756015002920763
404,202013,lully,86507.0,0.005208751852648797
405,202014,lully,78195.0,-3.7020401891166405e-05
406,202015,lully,93025.0,-0.0009365354645381186
407,202016,lully,87949.9,0.0006461259849663044
408,202017,lully,90471.9,0.0022182794219340243
409,202018,lully,86805.2,0.0030892089040990855
410,202019,lully,102937.1,0.0026697341650711607
411,202020,lully,104977.6,0.0022673124775281456
412,202021,lully,115407.4,-0.0006457097351440147
413,202022,lully,129181.4,0.005051024262041827
414,202023,lully,122017.7,0.006324972444971268
415,202024,lully,123491.7,0.004360583338679111
416,202025,lully,112011.1,0.0007236367098267608
417,202026,lully,107443.6,0.004032644068520277
418,202027,lully,118686.0,0.006185961088453222
419,202028,lully,123414.1,0.004262660882329188
420,202029,lully,113511.6,0.0006218111939153432
421,202030,lully,117656.2,0.005260030438347851
422,202031,lully,133074.4,0.004242791771072755
423,202032,lully,131649.9,0.002654283450000854
424,202033,lully,123946.4,0.001655660199827384
425,202034,lully,114491.0,0.0018487323972917083
426,202035,lully,106132.6,0.007616717595164616
427,202036,lully,104921.4,0.006050997714498279
428,202037,lully,99169.2,0.005121982269824023
429,202038,lully,88381.1,0.00257984121769739
430,202039,lully,75229.9,0.00017576237213484233
431,202040,lully,85286.4,0.0062667037474547155
432,202041,lully,102743.3,0.013043424461201877
433,202042,lully,75659.2,0.002648470810771671
434,202043,lully,72883.1,0.0017984286827410665
435,202044,lully,84566.9,0.006867029459522772
436,202045,lully,70711.9,0.004316134669409742
437,202046,lully,78286.7,0.006042235739849786
438,202047,lully,75581.9,0.005811819430873965
439,202048,lully,69618.3,0.0035472249911391498
440,202049,lully,85288.1,0.011773422602255062
441,202050,lully,90643.4,0.013992349858269333
442,202051,lully,92464.5,0.011487301142655811
443,202052,lully,90782.3,0.00962178271245263
444,202053,lully,86266.6,0.008380611131213713
445,202101,lully,67994.6,0.0029164636235531273
446,202102,lully,66073.8,-0.00012984054660046274
447,202103,lully,64603.1,0.000133705072026094
448,202104,lully,68047.5,0.0010935374025741412
449,202105,lully,67510.8,-0.00011155489165798694
450,202106,lully,68548.5,-0.0006787318245909535
451,202107,lully,69321.5,-0.0008567471293076672
452,202108,lully,85309.6,0.0060509853120911715
453,202109,lully,75742.7,0.0007801447566847328
454,202110,lully,72851.6,-0.0006408860837696147
455,202111,lully,71015.3,-0.0005447921798334138
456,202112,lully,70847.9,-0.0017535465418398108
457,202113,lully,102077.9,0.003706858217406241
458,202114,lully,95700.9,0.0074045114588529365
459,202115,lully,92044.5,0.004194874682922893
460,202116,lully,91966.6,0.0027665883654498617
461,202117,lully,86131.9,0.0046776182511769826
462,202118,lully,98943.3,-0.001592606251932472
463,202119,lully,96753.8,2.4680267927444266e-05
464,202120,lully,89782.4,0.00021344141338591757
465,202121,lully,87959.5,-0.003909256515406766
466,202122,lully,92845.7,-0.004786782156837367
467,202123,lully,119475.5,-0.004183700321802892
468,202124,lully,107261.3,-0.0052109567286982
469,202125,lully,88582.3,-0.005470449415452432
470,202126,lully,164500.0,0.006742496889405528
471,201827,fast_duck,541808.2,0.07961196809922638
472,201828,fast_duck,585175.3,0.08030640173194661
473,201829,fast_duck,531095.3,0.07819056494838197
474,201830,fast_duck,607487.8,0.08315898861993204
475,201831,fast_duck,669757.8,0.08462693570192921
476,201832,fast_duck,616891.8,0.08065492622921314
477,201833,fast_duck,604947.2,0.08225367234743126
478,201834,fast_duck,528930.1,0.082239255248281
479,201835,fast_duck,491535.3,0.0823047859547954
480,201836,fast_duck,464977.8,0.08044839738163063
481,201837,fast_duck,455497.1,0.08074913931138057
482,201838,fast_duck,434407.8,0.08165345210877968
483,201839,fast_duck,627647.6,0.09542033375201656
484,201840,fast_duck,607339.1,0.09456486489083374
485,201841,fast_duck,488102.4,0.08910228751596652
486,201842,fast_duck,474471.5,0.09316310488286514
487,201843,fast_duck,477612.2,0.09305616169151255
488,201844,fast_duck,440799.6,0.08316673580761944
489,201845,fast_duck,458695.3,0.08924970573607392
490,201846,fast_duck,374875.8,0.08354449493651825
491,201847,fast_duck,484891.1,0.08780485168974675
492,201848,fast_duck,418276.2,0.08760659051295389
493,201849,fast_duck,537613.4,0.09592839461442167
494,201850,fast_duck,491896.9,0.09233666380636069
495,201851,fast_duck,642394.7,0.09420085585157936
496,201852,fast_duck,515924.6,0.09154883149775568
497,201901,fast_duck,407635.5,0.0834469072252242
498,201902,fast_duck,588990.6,0.10078763625521894
499,201903,fast_duck,362366.3,0.08355763501763681
500,201904,fast_duck,367750.2,0.08273232213114222
501,201905,fast_duck,450670.5,0.0666450349784619
502,201906,fast_duck,385826.1,0.02260615801142907
503,201907,fast_duck,347158.0,0.011204032625156077
504,201908,fast_duck,352196.5,0.010052551125640066
505,201909,fast_duck,369463.2,0.010137744678370062
506,201910,fast_duck,370152.5,0.014637981019493736
507,201911,fast_duck,358816.1,0.01015243952033299
508,201912,fast_duck,356738.7,0.00674045338829103
509,201913,fast_duck,382354.9,0.007538009374742571
510,201914,fast_duck,400520.7,0.008408009346129596
511,201915,fast_duck,401738.6,0.01027244035005402
512,201916,fast_duck,487849.0,0.011779305751173846
513,201917,fast_duck,389080.1,0.009409346904685523
514,201918,fast_duck,443718.3,0.01061580030239658
515,201919,fast_duck,452965.8,0.008401428059965587
516,201920,fast_duck,388399.3,0.004221263581944311
517,201921,fast_duck,425563.8,0.009507173149365344
518,201922,fast_duck,511787.6,0.007613287016989197
519,201923,fast_duck,701654.9,0.0193531190916333
520,201924,fast_duck,458751.2,0.007542488062735258
521,201925,fast_duck,445166.7,0.0055467803708681325
522,201926,fast_duck,497405.0,0.004087327328186651
523,201927,fast_duck,501747.1,0.0022614930553312837
524,201928,fast_duck,510019.7,0.0029133485619293373
525,201929,fast_duck,512028.2,0.005018502409941471
526,201930,fast_duck,519336.9,0.005421081006360019
527,201931,fast_duck,556629.8,0.008807710574942996
528,201932,fast_duck,546423.8,0.00732344022870728
529,201933,fast_duck,539563.8,0.007024172215127712
530,201934,fast_duck,489489.5,0.006370244393916886
531,201935,fast_duck,465511.8,0.005406999299556022
532,201936,fast_duck,435809.9,0.005164953907872091
533,201937,fast_duck,413259.4,0.006917074778442274
534,201938,fast_duck,478651.3,0.009500088760101824
535,201939,fast_duck,503722.8,0.01316592079480688
536,201940,fast_duck,406094.2,0.01052756928513101
537,201941,fast_duck,368962.3,0.0075426178765202224
538,201942,fast_duck,426936.2,0.013504603490819129
539,201943,fast_duck,364204.1,0.0068695838870531725
540,201944,fast_duck,485871.2,0.015413352740189692
541,201945,fast_duck,468614.5,0.014599664640496458
542,201946,fast_duck,389299.8,0.010515692691618811
543,201947,fast_duck,371603.5,0.009299911294776681
544,201948,fast_duck,380988.3,0.01762260144597051
545,201949,fast_duck,429008.0,0.01358042882026193
546,201950,fast_duck,416374.5,0.013724111134787682
547,201951,fast_duck,527092.4,0.014041423969689751
548,201952,fast_duck,458812.0,0.01151395741125812
549,202001,fast_duck,412826.9,0.0062597743935560125
550,202002,fast_duck,501727.6,0.020362351455343142
551,202003,fast_duck,380890.1,0.010367401209667875
552,202004,fast_duck,353962.2,0.008088461763857045
553,202005,fast_duck,355131.9,0.005986451124310131
554,202006,fast_duck,359664.0,0.0029015274364942367
555,202007,fast_duck,349089.8,-8.181084546687698e-06
556,202008,fast_duck,351207.4,-0.0005721202812632435
557,202009,fast_duck,362100.7,-0.0005571763032240321
558,202010,fast_duck,373124.5,0.003287313807282206
559,202011,fast_duck,398189.3,0.0020470916993457627
560,202012,fast_duck,371706.8,-0.00032033925175501185
561,202013,fast_duck,340837.5,-0.0008421507955580251
562,202014,fast_duck,372935.8,0.0033557909119035275
563,202015,fast_duck,458333.1,0.004412552886367548
564,202016,fast_duck,411335.7,0.0019835226692586313
565,202017,fast_duck,418434.1,0.001014711621147563
566,202018,fast_duck,428004.9,0.001844895837803254
567,202019,fast_duck,492562.1,0.0010924232147474808
568,202020,fast_duck,527817.3,0.002697453850895351
569,202021,fast_duck,582981.8,0.001606108751962262
570,202022,fast_duck,596707.7,-0.00034990153852207774
571,202023,fast_duck,733508.7,0.01415212367368062
572,202024,fast_duck,514913.8,0.004914422466815169
573,202025,fast_duck,532294.8,0.0016987848300902963
574,202026,fast_duck,513392.8,-0.00014390861431627536
575,202027,fast_duck,511679.4,5.4540563644018465e-06
576,202028,fast_duck,546911.8,-0.0011126496727826975
577,202029,fast_duck,527677.9,-0.0016997015714141294
578,202030,fast_duck,527123.1,-0.0010066452395938248
579,202031,fast_duck,615571.4,0.004093090541173602
580,202032,fast_duck,630612.4,0.0023551303933965592
581,202033,fast_duck,601228.1,0.0004786619354613097
582,202034,fast_duck,551022.0,0.0022192213744647213
583,202035,fast_duck,488266.3,0.005075133405145843
584,202036,fast_duck,454703.6,0.001999616206211206
585,202037,fast_duck,453755.1,0.0021158273445720183
586,202038,fast_duck,515008.1,-0.0022382220493310017
587,202039,fast_duck,565533.8,0.008559076454000574
588,202040,fast_duck,411778.0,0.006058517146878236
589,202041,fast_duck,395512.6,0.0037554588866082245
590,202042,fast_duck,385651.6,0.0034590067742039086
591,202043,fast_duck,490633.6,0.008157846053352461
592,202044,fast_duck,423956.8,0.008636536692224575
593,202045,fast_duck,404334.2,0.011447223340660924
594,202046,fast_duck,382457.4,0.005637467865533252
595,202047,fast_duck,391297.3,0.005002933142715193
596,202048,fast_duck,395893.2,0.005272728317042482
597,202049,fast_duck,478094.7,0.012052722993110214
598,202050,fast_duck,421816.6,0.008133216674744898
599,202051,fast_duck,517011.0,0.009398089118817522
600,202052,fast_duck,603220.1,0.011197266341523727
601,202053,fast_duck,460735.3,0.006153138737930053
602,202101,fast_duck,376291.3,0.0049265762472836165
603,202102,fast_duck,550528.5,0.018041623455309918
604,202103,fast_duck,391111.4,0.007191954403753023
605,202104,fast_duck,390483.2,0.004379906028908424
606,202105,fast_duck,373968.8,0.00023399586934096618
607,202106,fast_duck,456412.1,0.0068566287138534954
608,202107,fast_duck,412839.6,0.0013349988911899517
609,202108,fast_duck,408467.0,-0.002062316568225207
610,202109,fast_duck,418598.3,0.001893704927004968
611,202110,fast_duck,399165.7,-0.0013151423350024937
612,202111,fast_duck,401411.3,-0.001017609970054851
613,202112,fast_duck,450607.5,0.005854167772743772
614,202113,fast_duck,529535.8,0.0056586180362640974
615,202114,fast_duck,391909.6,-0.0006454045633404379
616,202115,fast_duck,418311.1,-0.00124031607415453
617,202116,fast_duck,483413.5,0.0026906477924398694
618,202117,fast_duck,428521.9,0.0035247686449410356
619,202118,fast_duck,515255.1,0.005754776274321916
620,202119,fast_duck,523547.1,0.004562743128681439
621,202120,fast_duck,497309.6,0.0049019816526696194
622,202121,fast_duck,761017.1,0.015875317958880652
623,202122,fast_duck,618697.7,0.007821717746300642
624,202123,fast_duck,505298.0,0.0045124984721890415
625,202124,fast_duck,548099.6,0.006227766840675708
626,202125,fast_duck,480520.6,0.003514600250114355
627,202126,fast_duck,476321.7,0.001353423271492157
628,201827,red_ballon,1482.3,0.030608393549244335
629,201828,red_ballon,1576.5,0.02887611578735039
630,201829,red_ballon,1695.8,0.039121588599001854
631,201830,red_ballon,1922.5,0.046076053347829216
632,201831,red_ballon,1828.8,0.03811597766741671
633,201832,red_ballon,1722.8,0.04194680762841246
634,201833,red_ballon,1822.5,0.03653432722218792
635,201834,red_ballon,1908.5,0.08659642995545871
636,201835,red_ballon,1561.7,0.04329568553212583
637,201836,red_ballon,1398.7,0.027999795082507332
638,201837,red_ballon,1319.5,0.02659017119948889
639,201838,red_ballon,1293.3,0.026873780184418977
640,201839,red_ballon,1128.0,0.013366445296813122
641,201840,red_ballon,1139.4,0.01446889137398219
642,201841,red_ballon,1038.3,0.013732902996216302
643,201842,red_ballon,1046.5,0.012579687590306646
644,201843,red_ballon,1081.1,0.01896215276785067
645,201844,red_ballon,1316.7,0.01775331439740254
646,201845,red_ballon,1103.3,0.010122845232180423
647,201846,red_ballon,1066.2,0.012925310413684572
648,201847,red_ballon,1150.8,0.028855113683037125
649,201848,red_ballon,1102.7,0.016751787708487564
650,201849,red_ballon,1237.7,0.01732201397165789
651,201850,red_ballon,1419.9,0.02758227328367172
652,201851,red_ballon,2088.1,0.04473257320885644
653,201852,red_ballon,2691.1,0.046825216290022176
654,201901,red_ballon,2675.1,0.01848465398154936
655,201902,red_ballon,1217.5,0.013640268123028746
656,201903,red_ballon,1392.3,0.015294182858712318
657,201904,red_ballon,1093.5,0.008519227608822531
658,201905,red_ballon,1189.9,0.005644156251293572
659,201906,red_ballon,1144.6,0.010587336191206574
660,201907,red_ballon,1125.5,0.011579697743562425
661,201908,red_ballon,1057.3,0.009146603120190451
662,201909,red_ballon,1220.9,0.017360592116634276
663,201910,red_ballon,1049.0,0.009131952554004494
664,201911,red_ballon,1131.2,0.0024672281649553295
665,201912,red_ballon,1074.7,0.004235788782780068
666,201913,red_ballon,1621.6,0.024430105740643866
667,201914,red_ballon,1296.4,0.01947366373680703
668,201915,red_ballon,1119.4,0.005956328006852823
669,201916,red_ballon,1327.6,0.012529514520216795
670,201917,red_ballon,1181.4,0.013137666874387161
671,201918,red_ballon,1300.5,0.014077865579965038
672,201919,red_ballon,1379.1,0.011060072359566579
673,201920,red_ballon,1233.3,0.015325932136705028
674,201921,red_ballon,1199.2,0.009734756548736874
675,201922,red_ballon,1681.0,0.02470617835116436
676,201923,red_ballon,1693.7,0.020969386582924444
677,201924,red_ballon,2217.7,0.0295651983923036
678,201925,red_ballon,2103.7,0.030912596153063243
679,201926,red_ballon,1934.0,0.02252692034922438
680,201927,red_ballon,1916.8,0.021892954052437765
681,201928,red_ballon,2031.6,0.023171815146689517
682,201929,red_ballon,2060.9,0.03267655104026866
683,201930,red_ballon,2309.8,0.03333359266543375
684,201931,red_ballon,2582.3,0.02964726353648957
685,201932,red_ballon,2620.3,0.02958586063292932
686,201933,red_ballon,2352.6,0.030703606498164195
687,201934,red_ballon,1963.1,0.026074340191432878
688,201935,red_ballon,1959.7,0.0356287732019825
689,201936,red_ballon,1818.8,0.024907428962056402
690,201937,red_ballon,1652.2,0.021994349464284864
691,201938,red_ballon,1554.1,0.01952095478058275
692,201939,red_ballon,1514.8,0.013967907582744379
693,201940,red_ballon,1624.0,0.03586399365351527
694,201941,red_ballon,1477.0,0.021290538145888726
695,201942,red_ballon,1419.8,0.012443118427360182
696,201943,red_ballon,1444.5,0.015166729267166158
697,201944,red_ballon,2498.6,0.04073563934475061
698,201945,red_ballon,1974.2,0.03789361832930692
699,201946,red_ballon,1500.8,0.017643901653524096
700,201947,red_ballon,1396.7,0.014334421415877211
701,201948,red_ballon,1455.6,0.0284903862402785
702,201949,red_ballon,1857.8,0.039719641004755744
703,201950,red_ballon,1763.7,0.046535275015860314
704,201951,red_ballon,3106.4,0.07115783182589014
705,201952,red_ballon,3298.9,0.0717994588830578
706,202001,red_ballon,5000.9,0.04845637604395552
707,202002,red_ballon,1279.8,0.011358616574087974
708,202003,red_ballon,1349.7,0.008365744757942977
709,202004,red_ballon,1503.9,0.006447250513983651
710,202005,red_ballon,1642.8,0.018250350987304476
711,202006,red_ballon,3247.3,0.02892781181709181
712,202007,red_ballon,1839.8,0.0119457231944706
713,202008,red_ballon,1604.7,0.006055591202684547
714,202009,red_ballon,1820.7,0.00990789315346603
715,202010,red_ballon,1683.9,0.009112196710064434
716,202011,red_ballon,1856.4,0.009233351590006319
717,202012,red_ballon,2111.3,0.0076766920023269335
718,202013,red_ballon,2170.3,0.00994961119601634
719,202014,red_ballon,2105.5,0.0044482847499732305
720,202015,red_ballon,2586.4,0.00658853592500553
721,202016,red_ballon,2382.8,0.007913607863298214
722,202017,red_ballon,2250.1,0.007309062293302022
723,202018,red_ballon,2177.4,0.0037130045628200894
724,202019,red_ballon,2580.0,0.005572288893078842
725,202020,red_ballon,3047.3,0.004748172631512478
726,202021,red_ballon,3199.2,0.006059258335179655
727,202022,red_ballon,3176.2,0.010786148568208361
728,202023,red_ballon,2661.7,0.007897748552401484
729,202024,red_ballon,2563.2,0.003646543299637923
730,202025,red_ballon,2686.8,0.008093227025176519
731,202026,red_ballon,2746.4,0.008018447315960534
732,202027,red_ballon,2521.6,0.0048969033521954
733,202028,red_ballon,2852.6,0.009423222500582046
734,202029,red_ballon,2922.7,0.00811994648974206
735,202030,red_ballon,2810.8,0.008644477891992186
736,202031,red_ballon,3575.1,0.009962986974320473
737,202032,red_ballon,3806.7,0.011337587597493082
738,202033,red_ballon,3357.8,0.013339463732650526
739,202034,red_ballon,3248.3,0.033382050358462874
740,202035,red_ballon,2757.1,0.01796938456005961
741,202036,red_ballon,2428.7,0.005259859578004555
742,202037,red_ballon,2339.9,0.006439075143181791
743,202038,red_ballon,2181.7,0.003092610050289723
744,202039,red_ballon,2001.5,0.0010984703511045136
745,202040,red_ballon,2136.1,0.00999469648481409
746,202041,red_ballon,2068.9,-0.004307174084300212
747,202042,red_ballon,2014.4,0.0019551137527923494
748,202043,red_ballon,2107.5,0.00012954010465691964
749,202044,red_ballon,2230.0,0.0025399648400818427
750,202045,red_ballon,2551.2,0.01991007587208876
751,202046,red_ballon,2939.9,0.03435221230756643
752,202047,red_ballon,2345.7,0.02111689721381622
753,202048,red_ballon,2175.9,0.003949306373697795
754,202049,red_ballon,2374.2,0.007266855649027288
755,202050,red_ballon,2622.2,0.014382840896715744
756,202051,red_ballon,3997.5,0.03499074768576054
757,202052,red_ballon,4200.7,0.03739847920975172
758,202053,red_ballon,7441.0,0.01860409473926137
759,202101,red_ballon,2252.7,0.0033529223016524694
760,202102,red_ballon,2205.3,0.007590163652681771
761,202103,red_ballon,2197.9,0.001379273813068791
762,202104,red_ballon,2498.9,0.0038953249539177494
763,202105,red_ballon,2397.9,0.0017135134676902024
764,202106,red_ballon,2512.3,0.0011769739242053377
765,202107,red_ballon,2495.0,-0.0005929198923255244
766,202108,red_ballon,2563.3,0.0035818607053891794
767,202109,red_ballon,2612.7,0.0007184413305224277
768,202110,red_ballon,2397.6,-0.00019431015698530909
769,202111,red_ballon,2303.8,-0.0007808772659944068
770,202112,red_ballon,2332.2,-0.0010659646743967357
771,202113,red_ballon,2870.5,0.003100244331125853
772,202114,red_ballon,2469.9,-0.0035801643399728006
773,202115,red_ballon,2648.2,-0.004943535026289726
774,202116,red_ballon,3551.8,0.0013534617172404637
775,202117,red_ballon,2202.6,-0.011258648641723632
776,202118,red_ballon,3539.7,-0.00021914872235916506
777,202119,red_ballon,3659.7,0.007641532210420813
778,202120,red_ballon,2696.6,-0.005004851261559689
779,202121,red_ballon,2477.9,-0.01330495837348692
780,202122,red_ballon,3096.4,-0.00884650796348277
781,202123,red_ballon,2800.7,-0.006914671248902287
782,202124,red_ballon,2510.1,-0.01275429650301715
783,202125,red_ballon,2358.1,-0.011175673997715112
784,202126,red_ballon,2425.2,-0.006757998450414695
785,201827,gold_plane,47092.3,0.08149331943226969
786,201828,gold_plane,49014.1,0.07860026129524632
787,201829,gold_plane,44184.1,0.08963649290888681
788,201830,gold_plane,48650.0,0.08243448623691661
789,201831,gold_plane,60147.2,0.0850591504132686
790,201832,gold_plane,55679.8,0.0790955146580715
791,201833,gold_plane,52607.4,0.07652240853546675
792,201834,gold_plane,45841.1,0.08107001508811927
793,201835,gold_plane,37980.3,0.07023240941958174
794,201836,gold_plane,40461.8,0.08744316692322993
795,201837,gold_plane,30453.7,0.06084705522113678
796,201838,gold_plane,26958.4,0.06110779277862049
797,201839,gold_plane,38191.4,0.03247818722345906
798,201840,gold_plane,29854.6,0.0792172944742602
799,201841,gold_plane,25593.7,0.06181824227365305
800,201842,gold_plane,26333.6,0.05972339139472378
801,201843,gold_plane,25331.7,0.05315115313305058
802,201844,gold_plane,33964.6,0.030567426659715558
803,201845,gold_plane,37503.7,0.0754699509300218
804,201846,gold_plane,25191.9,0.04690785035661951
805,201847,gold_plane,24732.9,0.050876501205615224
806,201848,gold_plane,27693.2,0.07248958206693583
807,201849,gold_plane,31616.7,0.0673577374511826
808,201850,gold_plane,29074.6,0.05634946992191527
809,201851,gold_plane,42511.3,0.054421280018023335
810,201852,gold_plane,50410.3,0.07365535874659199
811,201901,gold_plane,43397.3,0.05122030823741151
812,201902,gold_plane,19607.3,0.038621455370696764
813,201903,gold_plane,20580.1,0.04045704344648711
814,201904,gold_plane,21174.5,0.040738858725956215
815,201905,gold_plane,22627.3,0.030119540191915407
816,201906,gold_plane,22032.2,0.018639826228159604
817,201907,gold_plane,24395.0,0.01788303372618195
818,201908,gold_plane,26927.1,0.05228279651248264
819,201909,gold_plane,23945.9,0.029171843024728607
820,201910,gold_plane,23725.3,0.025407219295274508
821,201911,gold_plane,22950.7,0.024680874184392392
822,201912,gold_plane,23447.3,0.03647985704644487
823,201913,gold_plane,23932.0,0.03397163537036188
824,201914,gold_plane,25754.4,0.028967952485343805
825,201915,gold_plane,24615.2,0.024833776382176573
826,201916,gold_plane,31039.3,0.030629759632953373
827,201917,gold_plane,29425.3,0.03630167421038931
828,201918,gold_plane,30799.6,0.03120309089403425
829,201919,gold_plane,31615.9,0.015013557387344573
830,201920,gold_plane,36142.6,0.029122848761997864
831,201921,gold_plane,38442.8,0.06987408491551703
832,201922,gold_plane,42420.0,0.048430732204317824
833,201923,gold_plane,36582.8,0.03593914102973488
834,201924,gold_plane,36724.1,0.017316864933348906
835,201925,gold_plane,42952.1,0.029216057062202896
836,201926,gold_plane,44963.1,0.0373113747528768
837,201927,gold_plane,45128.3,0.03973181216779119
838,201928,gold_plane,53964.2,0.027125588485429786
839,201929,gold_plane,43317.8,0.02876373290853315
840,201930,gold_plane,43168.4,0.03219563175751554
841,201931,gold_plane,47465.5,0.03503271674445817
842,201932,gold_plane,47571.9,0.034602266792395024
843,201933,gold_plane,48200.4,0.03556237117263286
844,201934,gold_plane,45261.0,0.04019658228875474
845,201935,gold_plane,44579.5,0.041939553607265825
846,201936,gold_plane,35112.5,0.03622789227959747
847,201937,gold_plane,28549.3,0.024290131789058877
848,201938,gold_plane,25704.5,0.022030071537096747
849,201939,gold_plane,26011.8,0.03747623413097445
850,201940,gold_plane,24849.0,0.01745483094532721
851,201941,gold_plane,23614.8,0.014583264741004022
852,201942,gold_plane,28217.5,0.05275196685337563
853,201943,gold_plane,24664.3,0.02913198287812047
854,201944,gold_plane,30389.1,0.010631903218757904
855,201945,gold_plane,26271.4,0.013544894292735584
856,201946,gold_plane,22381.6,0.012501662606184925
857,201947,gold_plane,22100.5,0.005189698485305111
858,201948,gold_plane,24557.5,0.009183698465773816
859,201949,gold_plane,32521.8,0.016867723412329963
860,201950,gold_plane,29345.8,0.015381996105532758
861,201951,gold_plane,35091.5,0.007837858139784406
862,201952,gold_plane,40251.9,0.01990240742070905
863,202001,gold_plane,54789.2,0.02183023115912546
864,202002,gold_plane,19682.5,0.008735455754743788
865,202003,gold_plane,20637.5,0.010589786854449534
866,202004,gold_plane,20792.6,0.009124676587705391
867,202005,gold_plane,24954.1,0.03627991416990019
868,202006,gold_plane,23304.1,0.013247079983820746
869,202007,gold_plane,22536.5,0.009080904896478762
870,202008,gold_plane,22525.2,0.010484991478681358
871,202009,gold_plane,23558.4,0.010534240266791143
872,202010,gold_plane,24915.0,0.016029993053448603
873,202011,gold_plane,27008.3,0.013337879885477213
874,202012,gold_plane,27564.7,0.008369772478935934
875,202013,gold_plane,25967.2,0.00956228055865335
876,202014,gold_plane,28829.6,0.01100296405833039
877,202015,gold_plane,36023.8,0.01815022663161114
878,202016,gold_plane,32809.1,0.015062147645967569
879,202017,gold_plane,34602.6,0.018304929093607095
880,202018,gold_plane,33033.7,0.01816203213111925
881,202019,gold_plane,41950.9,0.018751053142210993
882,202020,gold_plane,54032.0,0.023851800689992268
883,202021,gold_plane,59451.6,0.024611758402910636
884,202022,gold_plane,64623.9,0.0193136799480378
885,202023,gold_plane,47257.1,0.02290957423955003
886,202024,gold_plane,45614.7,0.013828173630050743
887,202025,gold_plane,47457.0,0.01358068630570307
888,202026,gold_plane,47788.2,0.02567746947719192
889,202027,gold_plane,47734.5,0.02450903310335021
890,202028,gold_plane,62709.7,0.045549738017221834
891,202029,gold_plane,55532.7,0.02891464291202425
892,202030,gold_plane,48493.8,0.0238847503313719
893,202031,gold_plane,54455.8,0.0284685562694113
894,202032,gold_plane,59973.7,0.030468454210839963
895,202033,gold_plane,53782.6,0.025344763843684375
896,202034,gold_plane,50111.9,0.025476564247251185
897,202035,gold_plane,40760.3,0.026792951900382403
898,202036,gold_plane,34575.2,0.019580584879116954
899,202037,gold_plane,32591.0,0.01520770798496017
900,202038,gold_plane,40085.5,0.024666528583535137
901,202039,gold_plane,33186.6,0.019025104192431547
902,202040,gold_plane,27529.5,0.0058689901263067916
903,202041,gold_plane,26469.2,0.005502743274720105
904,202042,gold_plane,25967.1,0.006485865794612428
905,202043,gold_plane,26393.4,0.007300243616211376
906,202044,gold_plane,27841.0,0.0053536944754781265
907,202045,gold_plane,27662.5,-0.009490882670128419
908,202046,gold_plane,28091.3,-0.0030303713305748514
909,202047,gold_plane,26713.6,0.0027019024693889773
910,202048,gold_plane,31735.0,-0.001866187581473597
911,202049,gold_plane,31580.9,-0.0019388020226309337
912,202050,gold_plane,30444.8,-0.0023411781479573783
913,202051,gold_plane,36882.8,0.011034607096994522
914,202052,gold_plane,41929.7,0.0007517321579991095
915,202053,gold_plane,68264.9,0.007920103728048411
916,202101,gold_plane,22662.9,-0.004174268927499482
917,202102,gold_plane,25457.9,-0.004849519908359905
918,202103,gold_plane,25365.2,-0.0035343584395499095
919,202104,gold_plane,28398.0,-0.004126658048664097
920,202105,gold_plane,29186.2,-0.005574329063621868
921,202106,gold_plane,29514.5,-0.004106980557577731
922,202107,gold_plane,29480.3,-0.0028022160514816347
923,202108,gold_plane,30950.9,-0.00351043016445668
924,202109,gold_plane,31345.6,0.0010804029960330768
925,202110,gold_plane,29771.4,-0.001157177986831716
926,202111,gold_plane,28927.2,-0.0002718935891691843
927,202112,gold_plane,28904.2,-0.0016329756665919297
928,202113,gold_plane,36429.1,0.0034395981211930316
929,202114,gold_plane,32538.6,0.005874306689847527
930,202115,gold_plane,33406.2,0.0053695260264829325
931,202116,gold_plane,34088.9,0.007362043217377729
932,202117,gold_plane,27384.5,0.0001812623927795049
933,202118,gold_plane,37936.7,0.004136705637527692
934,202119,gold_plane,53866.2,0.01706583599813004
935,202120,gold_plane,45193.5,0.014813393643409532
936,202121,gold_plane,43092.6,0.008291892578302746
937,202122,gold_plane,43739.1,0.009756349552909289
938,202123,gold_plane,44332.6,0.020893031572132736
939,202124,gold_plane,41100.1,0.01788327705386155
940,202125,gold_plane,41654.4,0.03781231451593207
941,202126,gold_plane,39997.3,0.019976276058344098
942,201827,moistured_bird,31662.8,0.026137190119424
943,201828,moistured_bird,33791.2,0.02422651062983796
944,201829,moistured_bird,31084.0,0.027741965250579967
945,201830,moistured_bird,30720.4,0.026274994660034814
946,201831,moistured_bird,33749.1,0.029781665677021896
947,201832,moistured_bird,34042.3,0.028675606595361523
948,201833,moistured_bird,33350.3,0.02488155481053502
949,201834,moistured_bird,29553.0,0.022659350394957645
950,201835,moistured_bird,30257.3,0.02526355654305124
951,201836,moistured_bird,30543.3,0.021425761258108907
952,201837,moistured_bird,29006.2,0.016438920245426113
953,201838,moistured_bird,27214.6,0.014444893853367682
954,201839,moistured_bird,28329.5,0.022797530322774064
955,201840,moistured_bird,29942.2,0.02347370033887758
956,201841,moistured_bird,29582.8,0.024188985868748472
957,201842,moistured_bird,28064.6,0.020641879651262587
958,201843,moistured_bird,31029.3,0.04551233667745247
959,201844,moistured_bird,38841.8,0.033125057991922134
960,201845,moistured_bird,31894.8,0.024980869103938506
961,201846,moistured_bird,28451.3,0.01610284050533837
962,201847,moistured_bird,26882.9,0.021732271747090953
963,201848,moistured_bird,28846.3,0.033745828656626196
964,201849,moistured_bird,36069.5,0.038281794683229745
965,201850,moistured_bird,37330.8,0.04786217408691782
966,201851,moistured_bird,50281.9,0.06451659928468592
967,201852,moistured_bird,63427.9,0.06790184166624941
968,201901,moistured_bird,62749.0,0.03976022072873744
969,201902,moistured_bird,25731.8,0.006682490432226639
970,201903,moistured_bird,25783.7,0.007348330216774118
971,201904,moistured_bird,25258.2,0.011390132768516645
972,201905,moistured_bird,26516.3,0.009713991797836745
973,201906,moistured_bird,28942.2,0.003955643476962449
974,201907,moistured_bird,28291.9,-0.0005446633401845987
975,201908,moistured_bird,26709.7,0.0006887445838516007
976,201909,moistured_bird,27880.6,0.0059580388070313165
977,201910,moistured_bird,29278.4,0.00209677873624095
978,201911,moistured_bird,27613.7,-0.001551925116968074
979,201912,moistured_bird,27221.7,0.0009863550310438933
980,201913,moistured_bird,26660.1,-0.0006778028980273743
981,201914,moistured_bird,29319.4,0.0030079816914728337
982,201915,moistured_bird,27995.8,0.0029419682827466855
983,201916,moistured_bird,29127.2,0.00685031520375151
984,201917,moistured_bird,24948.4,0.004439386162477633
985,201918,moistured_bird,27460.7,0.006202159540026711
986,201919,moistured_bird,24745.5,0.006911925956522183
987,201920,moistured_bird,22379.4,0.0059390461686897825
988,201921,moistured_bird,23897.1,0.021090908850887692
989,201922,moistured_bird,26611.3,0.020416932012992137
990,201923,moistured_bird,33276.3,0.011674080486687248
991,201924,moistured_bird,33657.3,0.01288773508722212
992,201925,moistured_bird,35918.7,0.014427885407408796
993,201926,moistured_bird,34102.3,0.018507177628172517
994,201927,moistured_bird,36487.3,0.010917302694793187
995,201928,moistured_bird,38413.5,0.015910064423035636
996,201929,moistured_bird,34928.5,0.012367166984764805
997,201930,moistured_bird,35337.4,0.025392924826780343
998,201931,moistured_bird,39172.6,0.016588148689594157
999,201932,moistured_bird,39338.5,0.013909499549959924
1000,201933,moistured_bird,38524.6,0.010175789812009624
1001,201934,moistured_bird,40325.1,0.019140729343005848
1002,201935,moistured_bird,37979.7,0.01801404106344916
1003,201936,moistured_bird,35187.1,0.008698927291587322
1004,201937,moistured_bird,33463.0,0.005684148751110669
1005,201938,moistured_bird,32401.8,0.006213073798162873
1006,201939,moistured_bird,34323.6,0.023873717979196046
1007,201940,moistured_bird,36603.1,0.021228871252173834
1008,201941,moistured_bird,35095.0,0.008824677869671026
1009,201942,moistured_bird,33667.8,0.007494221098696428
1010,201943,moistured_bird,33141.4,0.003676858429452074
1011,201944,moistured_bird,39795.0,0.005876673818433609
1012,201945,moistured_bird,40830.8,0.02375087240774747
1013,201946,moistured_bird,34941.2,0.014068617150941725
1014,201947,moistured_bird,32789.2,0.007436111799699816
1015,201948,moistured_bird,34893.7,0.011125347949792752
1016,201949,moistured_bird,42571.0,0.01692033939350851
1017,201950,moistured_bird,42554.8,0.020794599112028758
1018,201951,moistured_bird,52021.1,0.03457940560442323
1019,201952,moistured_bird,62585.6,0.04225802474948857
1020,202001,moistured_bird,87317.7,0.0333283182874689
1021,202002,moistured_bird,32438.9,-0.0009442886864467466
1022,202003,moistured_bird,32050.0,0.0006097086127376363
1023,202004,moistured_bird,31151.7,-0.00035268423553895626
1024,202005,moistured_bird,32314.5,0.002245307319641097
1025,202006,moistured_bird,36264.8,0.002270380416550726
1026,202007,moistured_bird,36835.9,0.0012386004231281949
1027,202008,moistured_bird,33674.0,0.0027332670551787007
1028,202009,moistured_bird,34302.9,0.004101070568640058
1029,202010,moistured_bird,37268.7,0.0014784457702535286
1030,202011,moistured_bird,38048.0,0.00023512282369254412
1031,202012,moistured_bird,28701.2,0.0003025814020200395
1032,202013,moistured_bird,25101.3,0.0008665495104803562
1033,202014,moistured_bird,28073.1,0.0036407781357827972
1034,202015,moistured_bird,30716.7,0.006411045988365777
1035,202016,moistured_bird,27770.5,0.004157352732260714
1036,202017,moistured_bird,24241.3,0.003317868327547046
1037,202018,moistured_bird,21700.1,0.007565867969217615
1038,202019,moistured_bird,28929.3,0.010153805329401255
1039,202020,moistured_bird,36167.2,0.009641357096061192
1040,202021,moistured_bird,38224.8,0.015172485875290546
1041,202022,moistured_bird,49729.3,0.014447968423084063
1042,202023,moistured_bird,46595.9,0.009552877537773726
1043,202024,moistured_bird,47194.9,0.012379677188761715
1044,202025,moistured_bird,46775.6,0.012991842822545417
1045,202026,moistured_bird,43054.3,0.011841526265667915
1046,202027,moistured_bird,44716.5,0.008602103380884447
1047,202028,moistured_bird,50236.4,0.028306778776775867
1048,202029,moistured_bird,45070.1,0.010702500212618354
1049,202030,moistured_bird,41280.8,0.007051855511942062
1050,202031,moistured_bird,41696.0,0.008045565442069403
1051,202032,moistured_bird,46795.3,0.007297050523366643
1052,202033,moistured_bird,43733.6,0.005654835799379342
1053,202034,moistured_bird,42541.1,0.0018171307286317785
1054,202035,moistured_bird,39651.5,0.003431186100101547
1055,202036,moistured_bird,42792.0,0.027683477325538074
1056,202037,moistured_bird,42020.6,0.011810375323581644
1057,202038,moistured_bird,36816.5,0.0011565410627510327
1058,202039,moistured_bird,34671.9,0.001958727895281449
1059,202040,moistured_bird,37472.5,0.0011003329550327524
1060,202041,moistured_bird,48241.4,0.019166393874489946
1061,202042,moistured_bird,39953.8,0.011924164801712387
1062,202043,moistured_bird,38164.3,0.003080298786549458
1063,202044,moistured_bird,38608.3,0.0023546871391734708
1064,202045,moistured_bird,44538.6,0.007831588961481338
1065,202046,moistured_bird,45627.6,0.022795398492464456
1066,202047,moistured_bird,42139.0,0.011772815959089883
1067,202048,moistured_bird,43221.4,0.006407861837670431
1068,202049,moistured_bird,49774.1,0.009027111730644861
1069,202050,moistured_bird,47842.6,0.006912890235773212
1070,202051,moistured_bird,57501.8,0.019374466982325016
1071,202052,moistured_bird,68814.9,0.03307996826064663
1072,202053,moistured_bird,117124.8,0.035959359987962326
1073,202101,moistured_bird,41424.2,0.0005369950626217132
1074,202102,moistured_bird,42741.9,-0.001997070255675526
1075,202103,moistured_bird,41876.4,-0.002413994152240793
1076,202104,moistured_bird,44907.8,-0.0006034347972837617
1077,202105,moistured_bird,49824.4,-0.0005765439568582388
1078,202106,moistured_bird,51475.4,-0.0012942621221834275
1079,202107,moistured_bird,48233.2,0.0006611315461355626
1080,202108,moistured_bird,50377.7,0.004967595327376833
1081,202109,moistured_bird,49711.2,0.0005442552471103242
1082,202110,moistured_bird,46611.3,-0.0005719268855943785
1083,202111,moistured_bird,44170.7,-0.0006116513326382028
1084,202112,moistured_bird,49503.7,0.02076229145649514
1085,202113,moistured_bird,51937.1,0.01592557185237232
1086,202114,moistured_bird,44566.7,0.0017857192853493434
1087,202115,moistured_bird,37151.7,0.00479214532201038
1088,202116,moistured_bird,37944.1,0.026355172330078357
1089,202117,moistured_bird,30824.1,0.0007608087290355011
1090,202118,moistured_bird,41558.4,0.005301130610253573
1091,202119,moistured_bird,56634.6,0.007207315217452824
1092,202120,moistured_bird,51926.2,-0.0006394092337213624
1093,202121,moistured_bird,46439.4,-0.004348318727853808
1094,202122,moistured_bird,53510.9,-0.0021753186596754222
1095,202123,moistured_bird,51399.7,0.0015627455240033385
1096,202124,moistured_bird,47083.9,0.00038220167683271003
1097,202125,moistured_bird,47700.4,-0.001601984088631838
1098,202126,moistured_bird,50069.2,0.0006865877361120951
1099,201827,heavy_feather,15146.5,0.11541032378063937
1100,201828,heavy_feather,15319.7,0.11196927527528969
1101,201829,heavy_feather,15028.1,0.1112984447184278
1102,201830,heavy_feather,15172.2,0.11062289880712334
1103,201831,heavy_feather,15824.5,0.10952430082126402
1104,201832,heavy_feather,16062.3,0.11155141201206566
1105,201833,heavy_feather,16870.5,0.11080496710002849
1106,201834,heavy_feather,16116.7,0.11279581829719786
1107,201835,heavy_feather,16076.4,0.11269348218280735
1108,201836,heavy_feather,17472.2,0.08403990613312477
1109,201837,heavy_feather,16874.7,0.09216612601010331
1110,201838,heavy_feather,15869.7,0.10956096584858475
1111,201839,heavy_feather,16640.2,0.10910940744732656
1112,201840,heavy_feather,18336.8,0.11647611113158879
1113,201841,heavy_feather,24970.8,0.10481221532786639
1114,201842,heavy_feather,18205.0,0.11025008294451795
1115,201843,heavy_feather,28654.8,0.08848094698279024
1116,201844,heavy_feather,33498.2,0.08827280853101493
1117,201845,heavy_feather,22598.3,0.09874907027999008
1118,201846,heavy_feather,18440.8,0.10387447161712145
1119,201847,heavy_feather,22509.8,0.1081569547575536
1120,201848,heavy_feather,31140.1,0.11405326340191267
1121,201849,heavy_feather,35492.6,0.10015325027995037
1122,201850,heavy_feather,35900.2,0.08867880531696251
1123,201851,heavy_feather,61803.6,0.0790372560806208
1124,201852,heavy_feather,36130.2,0.07983748315183468
1125,201901,heavy_feather,20636.2,0.08609253542011651
1126,201902,heavy_feather,15197.2,0.09629874763826399
1127,201903,heavy_feather,15200.8,0.09462232213198646
1128,201904,heavy_feather,15307.1,0.09442932928894893
1129,201905,heavy_feather,15883.6,0.08000660452178275
1130,201906,heavy_feather,16969.4,0.05786622920920128
1131,201907,heavy_feather,16381.9,0.05713770428026728
1132,201908,heavy_feather,27673.5,0.07851002978971901
1133,201909,heavy_feather,16878.5,0.06183314977184155
1134,201910,heavy_feather,15380.4,0.06102532637018647
1135,201911,heavy_feather,15952.4,0.05316465962125296
1136,201912,heavy_feather,14888.5,0.054873702924523815
1137,201913,heavy_feather,14583.5,0.05904161174850341
1138,201914,heavy_feather,15677.9,0.054727755663041264
1139,201915,heavy_feather,15106.8,0.05597889185583342
1140,201916,heavy_feather,17218.4,0.03870155409916654
1141,201917,heavy_feather,14941.3,0.049105780932057495
1142,201918,heavy_feather,16254.5,0.05079567949458091
1143,201919,heavy_feather,16275.4,0.046505600309722665
1144,201920,heavy_feather,15070.1,0.04931120469225059
1145,201921,heavy_feather,15309.6,0.049286765635836984
1146,201922,heavy_feather,18349.5,0.032573859043887404
1147,201923,heavy_feather,19102.6,0.058827852725599095
1148,201924,heavy_feather,24021.9,0.0333176363246827
1149,201925,heavy_feather,15624.1,0.03163545354280735
1150,201926,heavy_feather,12334.8,0.035009670084342095
1151,201927,heavy_feather,12920.3,0.03224256195364716
1152,201928,heavy_feather,13167.7,0.03444521172848675
1153,201929,heavy_feather,12919.4,0.027389482731048038
1154,201930,heavy_feather,12276.1,0.022014959733495893
1155,201931,heavy_feather,14036.5,0.01900849583905834
1156,201932,heavy_feather,14052.3,0.011272708455065856
1157,201933,heavy_feather,14412.7,0.004715494301791986
1158,201934,heavy_feather,13099.2,0.006430024798456374
1159,201935,heavy_feather,12324.5,0.0018681624822516395
1160,201936,heavy_feather,15074.5,-0.014741088011443242
1161,201937,heavy_feather,14135.2,-0.0009821337991766281
1162,201938,heavy_feather,13012.2,0.013862498492820167
1163,201939,heavy_feather,14375.2,0.014932799936179485
1164,201940,heavy_feather,14869.5,0.017084436693502368
1165,201941,heavy_feather,25966.4,0.04862247496856434
1166,201942,heavy_feather,16721.8,0.03435690749290227
1167,201943,heavy_feather,23894.3,0.035248586923616904
1168,201944,heavy_feather,26103.6,0.02472559231726364
1169,201945,heavy_feather,22991.8,0.02523396924941558
1170,201946,heavy_feather,17141.8,0.016870283377138622
1171,201947,heavy_feather,35990.7,0.0011612374396497258
1172,201948,heavy_feather,31255.2,-0.003491303803926068
1173,201949,heavy_feather,31024.8,-0.009181925950172568
1174,201950,heavy_feather,34301.5,0.007096914578315633
1175,201951,heavy_feather,54462.2,0.02361390879371882
1176,201952,heavy_feather,41709.2,0.010733653597159009
1177,202001,heavy_feather,22457.4,0.018009400635537225
1178,202002,heavy_feather,14591.9,0.024660372437990505
1179,202003,heavy_feather,14414.8,0.02281496575881449
1180,202004,heavy_feather,15069.4,0.03056893930342468
1181,202005,heavy_feather,15662.7,0.025440796797045487
1182,202006,heavy_feather,15574.5,0.01898501259367833
1183,202007,heavy_feather,17073.6,0.01517817604196061
1184,202008,heavy_feather,38536.9,0.06532894386367938
1185,202009,heavy_feather,26975.8,0.0487916134063949
1186,202010,heavy_feather,16938.4,0.021668795637245757
1187,202011,heavy_feather,16479.5,0.010011284985586589
1188,202012,heavy_feather,13105.8,0.016799794907182884
1189,202013,heavy_feather,12119.6,0.018904316538323706
1190,202014,heavy_feather,12334.3,0.022399666388667028
1191,202015,heavy_feather,14207.5,0.0127868123224921
1192,202016,heavy_feather,12826.8,0.01735730590055248
1193,202017,heavy_feather,13026.7,0.017605322508778776
1194,202018,heavy_feather,14204.9,0.019224703057477747
1195,202019,heavy_feather,16058.3,0.018504053310359373
1196,202020,heavy_feather,20142.0,0.013342495800485908
1197,202021,heavy_feather,18603.8,0.013292677866831113
1198,202022,heavy_feather,19137.8,0.015640499548898845
1199,202023,heavy_feather,20387.6,0.02868018182580419
1200,202024,heavy_feather,30663.9,0.04543460299296787
1201,202025,heavy_feather,38729.2,0.021621761266235693
1202,202026,heavy_feather,17322.3,0.02148488776876495
1203,202027,heavy_feather,17367.9,0.019872483424460446
1204,202028,heavy_feather,17569.8,0.01855531520887238
1205,202029,heavy_feather,16614.4,0.017050988637834896
1206,202030,heavy_feather,15731.5,0.01869581932551559
1207,202031,heavy_feather,15910.5,0.014842908566984985
1208,202032,heavy_feather,15872.3,0.011866883032994999
1209,202033,heavy_feather,14645.5,0.005907797605109321
1210,202034,heavy_feather,14735.0,0.0061135600482960925
1211,202035,heavy_feather,15683.9,0.015759448730533154
1212,202036,heavy_feather,19920.2,-0.03862067926103583
1213,202037,heavy_feather,16734.1,-0.010420815079008158
1214,202038,heavy_feather,14760.6,0.019791779354894012
1215,202039,heavy_feather,15778.5,0.02094541617440624
1216,202040,heavy_feather,33005.8,0.03814673591912829
1217,202041,heavy_feather,20738.7,0.03591970523399361
1218,202042,heavy_feather,20112.1,0.032925667199699124
1219,202043,heavy_feather,27190.2,0.002392218234709367
1220,202044,heavy_feather,21578.8,0.016732287615674673
1221,202045,heavy_feather,28693.7,-0.019613003106918544
1222,202046,heavy_feather,26946.0,0.005068590211435974
1223,202047,heavy_feather,29218.1,0.02321144601075344
1224,202048,heavy_feather,22908.4,0.018466514744740294
1225,202049,heavy_feather,30400.5,0.009717961223904104
1226,202050,heavy_feather,46597.6,0.043710172043733404
1227,202051,heavy_feather,73050.0,0.024079409505074652
1228,202052,heavy_feather,63197.3,0.00909839260499403
1229,202053,heavy_feather,30543.3,0.00721676842417261
1230,202101,heavy_feather,17553.3,0.01698102830297917
1231,202102,heavy_feather,18024.5,0.01960383125856804
1232,202103,heavy_feather,17488.6,0.021474934906176094
1233,202104,heavy_feather,18672.5,0.017154995226926196
1234,202105,heavy_feather,17741.4,0.016275101017343082
1235,202106,heavy_feather,20023.8,0.01507547066319072
1236,202107,heavy_feather,18379.1,0.020665135027117285
1237,202108,heavy_feather,27847.7,0.040502398901145466
1238,202109,heavy_feather,23947.0,0.03266626645240104
1239,202110,heavy_feather,21679.3,-0.005073111741316885
1240,202111,heavy_feather,20282.6,0.003015428334821646
1241,202112,heavy_feather,18601.4,0.013180003760835142
1242,202113,heavy_feather,21685.3,0.012186545817256322
1243,202114,heavy_feather,17589.9,0.006879816895573507
1244,202115,heavy_feather,19429.5,0.004526263436997492
1245,202116,heavy_feather,18540.5,0.001580183841887724
1246,202117,heavy_feather,17946.5,-9.789738646388244e-05
1247,202118,heavy_feather,23141.0,-0.003508521174680378
1248,202119,heavy_feather,23331.3,-0.0049782413580363736
1249,202120,heavy_feather,21521.4,6.526492430925495e-05
1250,202121,heavy_feather,19469.8,-0.0011493952931287401
1251,202122,heavy_feather,18192.5,-0.006322503052512357
1252,202123,heavy_feather,28896.9,0.005801801208256802
1253,202124,heavy_feather,33525.2,-0.008590275910700535
1254,202125,heavy_feather,18735.4,-0.010316476811353807
1255,202126,heavy_feather,17958.5,-0.009409469162697507
1256,201827,visitor,150121.5,0.07193483491489518
1257,201828,visitor,159996.3,0.07708110448459717
1258,201829,visitor,137022.6,0.06954525102136658
1259,201830,visitor,144048.8,0.07672112712070957
1260,201831,visitor,162354.0,0.07892558824514762
1261,201832,visitor,159878.2,0.07207259640375054
1262,201833,visitor,147972.0,0.061703439873601884
1263,201834,visitor,146130.8,0.07084062453647942
1264,201835,visitor,136841.5,0.0627563392724187
1265,201836,visitor,256388.0,0.06175816718953431
1266,201837,visitor,154190.0,0.07138704210440275
1267,201838,visitor,139696.5,0.08736810121972984
1268,201839,visitor,143795.6,0.058392409798908876
1269,201840,visitor,193047.1,0.06832061538229571
1270,201841,visitor,197019.1,0.09656725794770976
1271,201842,visitor,217873.8,0.10245693322727363
1272,201843,visitor,166411.4,0.05583728035664823
1273,201844,visitor,244221.5,0.08017432035028013
1274,201845,visitor,297392.3,0.0991746629902608
1275,201846,visitor,152513.5,0.07295973173125019
1276,201847,visitor,153211.9,0.045332450160548536
1277,201848,visitor,256286.1,0.08622269766676469
1278,201849,visitor,223570.9,0.07019716270455931
1279,201850,visitor,194528.4,0.06171691397842025
1280,201851,visitor,270095.9,0.06305397693906334
1281,201852,visitor,223646.5,0.07070805664784205
1282,201901,visitor,191680.3,0.06656482080805601
1283,201902,visitor,164399.8,0.08298742263849249
1284,201903,visitor,150473.7,0.08026713724818697
1285,201904,visitor,147233.5,0.08399859406127577
1286,201905,visitor,214153.4,0.09405355749981789
1287,201906,visitor,164351.2,0.052840082111934514
1288,201907,visitor,138908.1,-0.00024283873705584937
1289,201908,visitor,140289.6,-0.012627603555310788
1290,201909,visitor,138508.1,0.0014740959077968285
1291,201910,visitor,147500.2,0.03855703684875896
1292,201911,visitor,134448.8,0.0173793615604694
1293,201912,visitor,142463.8,0.011174785521682416
1294,201913,visitor,139671.4,0.01199736086323662
1295,201914,visitor,170987.9,0.04601501481574467
1296,201915,visitor,158862.9,0.02501544160219097
1297,201916,visitor,166689.8,0.018447729331895545
1298,201917,visitor,146956.1,0.025040739827006428
1299,201918,visitor,184182.8,0.03278369591868641
1300,201919,visitor,187365.0,0.024587678021964113
1301,201920,visitor,174870.1,0.0029392404408813745
1302,201921,visitor,162330.7,0.0076840586981963685
1303,201922,visitor,175032.8,0.022601981977488594
1304,201923,visitor,158571.8,0.010401378155444056
1305,201924,visitor,156129.3,0.005203250241881957
1306,201925,visitor,147200.7,0.010847879237811938
1307,201926,visitor,132696.2,0.014361284160047586
1308,201927,visitor,142939.9,0.013579868452298907
1309,201928,visitor,153825.9,0.018029326365085772
1310,201929,visitor,146974.2,0.016401008476397128
1311,201930,visitor,150095.5,0.019824712558113265
1312,201931,visitor,173001.6,0.01560446029255836
1313,201932,visitor,167039.9,0.012356494731313955
1314,201933,visitor,164119.6,-0.0031859791516026794
1315,201934,visitor,162699.5,0.007796332603677758
1316,201935,visitor,161872.1,0.0232036748559795
1317,201936,visitor,196779.6,0.059103834080138896
1318,201937,visitor,156145.1,0.02466263115837832
1319,201938,visitor,138985.7,0.021752887578325112
1320,201939,visitor,138479.7,0.012265026069050835
1321,201940,visitor,206529.7,0.018519365539109617
1322,201941,visitor,184030.1,0.015756225573329244
1323,201942,visitor,215115.5,0.02974468899731171
1324,201943,visitor,182149.5,0.02725614207315033
1325,201944,visitor,227214.5,0.018217425592343746
1326,201945,visitor,252867.9,0.025334458008578576
1327,201946,visitor,162483.0,-0.015055273967901659
1328,201947,visitor,173773.5,0.01303214437999955
1329,201948,visitor,173786.3,-0.0009132328908980653
1330,201949,visitor,182411.1,0.0024873984852930484
1331,201950,visitor,181441.9,0.0001453510707683861
1332,201951,visitor,228610.5,0.0008350016061272998
1333,201952,visitor,211278.1,0.00902209929215163
1334,202001,visitor,212755.3,0.016159211408757753
1335,202002,visitor,141148.4,0.01166730532059255
1336,202003,visitor,174541.9,0.025180585999054043
1337,202004,visitor,165710.4,0.017486185941889512
1338,202005,visitor,153589.1,0.0102876633404752
1339,202006,visitor,147112.2,0.0075967703899161056
1340,202007,visitor,144934.3,0.0034277818456836862
1341,202008,visitor,226255.4,0.01808855480086793
1342,202009,visitor,177553.6,0.008125703405392159
1343,202010,visitor,163331.7,0.020194376889649583
1344,202011,visitor,193608.6,0.017954517720642216
1345,202012,visitor,156420.8,0.011101981044845432
1346,202013,visitor,138268.4,0.0074736764827299075
1347,202014,visitor,155886.3,0.024201266422652606
1348,202015,visitor,188828.7,0.02533202703338576
1349,202016,visitor,151150.9,0.0055919865038050525
1350,202017,visitor,150643.3,0.006019185992209505
1351,202018,visitor,149559.5,0.005704791754906571
1352,202019,visitor,170775.3,0.009711360739960581
1353,202020,visitor,211053.6,0.011730752202033455
1354,202021,visitor,205984.9,0.01669640557447136
1355,202022,visitor,185688.1,0.005498853258682125
1356,202023,visitor,180073.6,-0.0020939089812253573
1357,202024,visitor,200263.0,-0.013594637528670277
1358,202025,visitor,197834.1,-0.009940381281562993
1359,202026,visitor,153009.5,0.003268228418603348
1360,202027,visitor,164234.7,0.011346128588000976
1361,202028,visitor,179361.2,0.01777420914501665
1362,202029,visitor,177529.9,0.01044716819627469
1363,202030,visitor,167983.6,0.01214189812408398
1364,202031,visitor,173794.6,0.014597182567734783
1365,202032,visitor,172311.7,0.01071691385482897
1366,202033,visitor,157860.9,0.007014098466078868
1367,202034,visitor,168197.8,0.01245152434182659
1368,202035,visitor,189110.5,0.025796689951830112
1369,202036,visitor,203604.7,0.044691566834156926
1370,202037,visitor,154665.5,0.0066960019433009044
1371,202038,visitor,196484.9,0.025339414950354303
1372,202039,visitor,145257.7,0.011844817657707554
1373,202040,visitor,198764.1,0.026351595313593684
1374,202041,visitor,167466.0,0.016344358337363647
1375,202042,visitor,211084.7,0.02589841109000508
1376,202043,visitor,199281.5,0.016712153153703765
1377,202044,visitor,182940.6,0.026315143991125292
1378,202045,visitor,184783.1,0.0211131327063908
1379,202046,visitor,174329.1,0.009755213344962366
1380,202047,visitor,164765.9,0.0024441196625771128
1381,202048,visitor,174755.3,0.016289428556590973
1382,202049,visitor,203445.8,0.008761939671559197
1383,202050,visitor,189924.9,0.00678155482953512
1384,202051,visitor,226483.4,0.0005988591442125511
1385,202052,visitor,237528.2,0.0057404568817970335
1386,202053,visitor,244456.0,0.020367304302654553
1387,202101,visitor,174340.9,0.017964225623043478
1388,202102,visitor,170432.9,0.018009535238925952
1389,202103,visitor,221024.4,0.025214708598818733
1390,202104,visitor,186921.8,0.02156267966798386
1391,202105,visitor,170622.9,0.013203408322848127
1392,202106,visitor,170632.9,0.00806348241516973
1393,202107,visitor,207850.7,0.020094241267659175
1394,202108,visitor,226876.1,0.02463667582311305
1395,202109,visitor,197320.3,0.028980996314075285
1396,202110,visitor,215253.4,0.01861385038124307
1397,202111,visitor,180248.1,0.011428449924048956
1398,202112,visitor,206015.9,0.020679413878774682
1399,202113,visitor,206602.1,0.013708572905362284
1400,202114,visitor,159896.5,-0.00021802660615249876
1401,202115,visitor,168448.2,-0.00110561381400241
1402,202116,visitor,168598.6,-0.0014620021601418815
1403,202117,visitor,196470.6,0.014154976319164988
1404,202118,visitor,217066.3,0.01013067810461712
1405,202119,visitor,237804.0,0.004074019312127309
1406,202120,visitor,207252.1,-0.0005425071579587158
1407,202121,visitor,170956.5,-0.008941264045515391
1408,202122,visitor,172128.2,-0.008352722233633068
1409,202123,visitor,213935.5,0.01275831610621717
1410,202124,visitor,179169.4,0.0006161719742679934
1411,202125,visitor,155407.4,-0.007120684769170196
1412,202126,visitor,163259.8,-0.008110544971307547
1413,201827,gracious_road,14844.3,0.08864907265106432
1414,201828,gracious_road,14626.3,0.09130873333442227
1415,201829,gracious_road,13881.1,0.08825383740027348
1416,201830,gracious_road,14011.9,0.08597628129885752
1417,201831,gracious_road,14335.6,0.08610750166949845
1418,201832,gracious_road,14165.7,0.08677780446339667
1419,201833,gracious_road,14591.9,0.08749998452644898
1420,201834,gracious_road,13393.5,0.0879755213852822
1421,201835,gracious_road,13418.9,0.08756970617454722
1422,201836,gracious_road,13864.2,0.09016328372303535
1423,201837,gracious_road,15933.8,0.1215047295561713
1424,201838,gracious_road,13747.5,0.09730779754756155
1425,201839,gracious_road,17060.2,0.13042318933193553
1426,201840,gracious_road,16546.3,0.10954146096713699
1427,201841,gracious_road,15744.3,0.10187261655356976
1428,201842,gracious_road,14370.1,0.0954514907436094
1429,201843,gracious_road,19634.9,0.11100895030271594
1430,201844,gracious_road,26470.2,0.09311715625765503
1431,201845,gracious_road,19845.4,0.08329338847424549
1432,201846,gracious_road,16408.3,0.08702352451391909
1433,201847,gracious_road,18844.2,0.08599410174562351
1434,201848,gracious_road,29364.6,0.11350560156375487
1435,201849,gracious_road,43855.4,0.075153069238067
1436,201850,gracious_road,58006.1,0.11039562237369858
1437,201851,gracious_road,83920.4,0.09083370717822593
1438,201852,gracious_road,48467.3,0.08166159636170921
1439,201901,gracious_road,24352.9,0.0733943713631726
1440,201902,gracious_road,13224.1,0.07137342912210773
1441,201903,gracious_road,13065.8,0.06585991805247185
1442,201904,gracious_road,12471.8,0.0736341966559134
1443,201905,gracious_road,25903.8,0.11044805888934206
1444,201906,gracious_road,15432.8,0.06908718253696755
1445,201907,gracious_road,13962.2,0.04312944321031894
1446,201908,gracious_road,11588.8,0.0378486483752402
1447,201909,gracious_road,11847.5,0.03308802529634841
1448,201910,gracious_road,12078.0,0.020354756887661207
1449,201911,gracious_road,19184.3,0.07592894869892661
1450,201912,gracious_road,13657.3,0.052466154453198834
1451,201913,gracious_road,11586.5,0.027963033777284072
1452,201914,gracious_road,13232.0,0.027934905101348245
1453,201915,gracious_road,13623.6,0.0315397500819916
1454,201916,gracious_road,18174.9,0.04953434790554827
1455,201917,gracious_road,12338.0,0.024787152168096942
1456,201918,gracious_road,13035.8,0.02513183889323307
1457,201919,gracious_road,12764.3,0.017595537771509278
1458,201920,gracious_road,11907.5,0.018523524234997684
1459,201921,gracious_road,12649.9,0.025118411933618558
1460,201922,gracious_road,26498.0,0.09397325575688999
1461,201923,gracious_road,25779.1,0.07148180072324944
1462,201924,gracious_road,27890.0,0.029841121478552203
1463,201925,gracious_road,14569.0,0.029592471152429124
1464,201926,gracious_road,11886.3,0.025600010755070114
1465,201927,gracious_road,12116.5,0.011142066609850306
1466,201928,gracious_road,12483.9,0.013339464735976076
1467,201929,gracious_road,12774.4,-0.0027655795562926133
1468,201930,gracious_road,11964.6,0.0026416294651092735
1469,201931,gracious_road,12975.5,0.005285745028011048
1470,201932,gracious_road,13091.8,0.007880156679123576
1471,201933,gracious_road,12966.8,0.004633948075797216
1472,201934,gracious_road,12222.5,0.010323495705914799
1473,201935,gracious_road,11644.4,0.011645799122530316
1474,201936,gracious_road,17226.6,0.04143241913625516
1475,201937,gracious_road,14294.5,0.04345454970697365
1476,201938,gracious_road,15127.4,0.04256893573609977
1477,201939,gracious_road,12339.3,0.014720009028936895
1478,201940,gracious_road,14943.2,0.03679583455993795
1479,201941,gracious_road,15036.0,0.031205638743826605
1480,201942,gracious_road,13793.6,0.02852191952576654
1481,201943,gracious_road,17289.7,0.019384389336018285
1482,201944,gracious_road,36283.5,0.018090309997986963
1483,201945,gracious_road,29625.5,0.04079876560762607
1484,201946,gracious_road,16892.2,0.031019281986750167
1485,201947,gracious_road,19590.7,0.02171572107669664
1486,201948,gracious_road,22463.5,0.022860676512864546
1487,201949,gracious_road,54163.0,0.06404223859554502
1488,201950,gracious_road,42998.3,0.02662245159774354
1489,201951,gracious_road,65104.5,0.03194387880508784
1490,201952,gracious_road,53381.2,0.02022073899998009
1491,202001,gracious_road,27561.6,0.022112621786625295
1492,202002,gracious_road,12678.5,0.007813390486998409
1493,202003,gracious_road,25718.9,0.07889618252829439
1494,202004,gracious_road,17329.0,0.050621432359415006
1495,202005,gracious_road,13293.7,0.0226890898496425
1496,202006,gracious_road,14690.4,0.03893929274729707
1497,202007,gracious_road,15785.5,0.034042754921174825
1498,202008,gracious_road,12670.9,0.018425839260745057
1499,202009,gracious_road,16800.9,0.04413817455784673
1500,202010,gracious_road,13521.3,0.016953748995536574
1501,202011,gracious_road,19234.3,0.015610116538995545
1502,202012,gracious_road,9603.9,0.02775100365862906
1503,202013,gracious_road,7652.4,0.026476352460360595
1504,202014,gracious_road,8249.4,0.017931246736708633
1505,202015,gracious_road,9254.3,0.015993266858326336
1506,202016,gracious_road,8637.9,0.022760248850882233
1507,202017,gracious_road,9130.2,0.014368728908471934
1508,202018,gracious_road,9483.8,0.012126121893404866
1509,202019,gracious_road,11447.9,0.009550150071205486
1510,202020,gracious_road,15140.0,0.005497284739589581
1511,202021,gracious_road,14966.5,0.006439142823616966
1512,202022,gracious_road,25437.7,0.060706506750955
1513,202023,gracious_road,21346.0,0.042746372959402444
1514,202024,gracious_road,23940.9,0.01368862551823363
1515,202025,gracious_road,31243.3,-0.008539893720886593
1516,202026,gracious_road,14423.6,0.0021547439767026304
1517,202027,gracious_road,14879.1,0.006286000480867523
1518,202028,gracious_road,15168.4,0.005022455215471151
1519,202029,gracious_road,14435.7,0.0025193530053921843
1520,202030,gracious_road,13417.9,0.005691428915716468
1521,202031,gracious_road,13668.7,0.004903015096335242
1522,202032,gracious_road,14339.5,0.005829671374004288
1523,202033,gracious_road,13738.9,0.0010635763969711629
1524,202034,gracious_road,13692.8,0.010894157779991752
1525,202035,gracious_road,13057.7,0.009923501370090163
1526,202036,gracious_road,13449.5,0.007497142178407889
1527,202037,gracious_road,13186.4,0.0021786958654857755
1528,202038,gracious_road,12276.8,0.006659150070872504
1529,202039,gracious_road,13356.4,-0.0003472900866692922
1530,202040,gracious_road,22178.5,0.05145055367868273
1531,202041,gracious_road,16425.7,0.025579964724227543
1532,202042,gracious_road,17238.7,0.03134088237345132
1533,202043,gracious_road,19578.4,0.022259964764848993
1534,202044,gracious_road,15884.8,0.014670304392477978
1535,202045,gracious_road,32255.8,-0.018755266531367835
1536,202046,gracious_road,26718.8,0.009320314026330328
1537,202047,gracious_road,22699.7,0.0075721042871944935
1538,202048,gracious_road,19826.6,0.004821212083405476
1539,202049,gracious_road,56998.7,0.05394482303662722
1540,202050,gracious_road,47369.1,0.014351460033768729
1541,202051,gracious_road,55763.9,0.008488219361217181
1542,202052,gracious_road,59228.5,-0.006268825776493656
1543,202053,gracious_road,29959.1,0.0027850208810435554
1544,202101,gracious_road,13676.2,-0.0003717823978758896
1545,202102,gracious_road,13894.7,0.008186414187136877
1546,202103,gracious_road,12399.2,0.006240389989012185
1547,202104,gracious_road,13357.0,0.012108730794970476
1548,202105,gracious_road,34892.4,0.07324889530575138
1549,202106,gracious_road,25160.4,0.04835166140368829
1550,202107,gracious_road,15966.0,0.024144528478305463
1551,202108,gracious_road,13846.3,0.008341959127373637
1552,202109,gracious_road,14227.6,0.004278932832919381
1553,202110,gracious_road,13640.3,-0.0008328145822981204
1554,202111,gracious_road,13295.4,0.00023152672444614155
1555,202112,gracious_road,16970.5,0.006297391082627603
1556,202113,gracious_road,25892.8,0.04014931091957641
1557,202114,gracious_road,13873.2,0.0006940675893858153
1558,202115,gracious_road,13918.2,-0.01065046316698669
1559,202116,gracious_road,13477.1,-0.005562832508385423
1560,202117,gracious_road,12290.7,-0.006585284589201039
1561,202118,gracious_road,16902.7,-0.008225927394045917
1562,202119,gracious_road,24548.8,0.0309424643210279
1563,202120,gracious_road,16144.2,-0.0021136609877612103
1564,202121,gracious_road,14922.8,-0.005303035555401412
1565,202122,gracious_road,27435.5,0.04797174533680966
1566,202123,gracious_road,28984.6,0.020788593172633697
1567,202124,gracious_road,31317.6,-0.006871695993561681
1568,202125,gracious_road,15568.3,-0.01908627253201248
1569,202126,gracious_road,14746.7,-0.009222857770032797
1570,201827,viable_line,140150.0,0.07415374759093911
1571,201828,viable_line,138331.0,0.06824559985936302
1572,201829,viable_line,128598.9,0.06970725040430922
1573,201830,viable_line,125716.5,0.06646534593332473
1574,201831,viable_line,145303.3,0.07264427103370526
1575,201832,viable_line,145355.6,0.07146530109143007
1576,201833,viable_line,220205.0,0.08624754743228434
1577,201834,viable_line,162813.0,0.07767118863894414
1578,201835,viable_line,152803.1,0.08244757731715377
1579,201836,viable_line,135219.8,0.0733466550290165
1580,201837,viable_line,120847.8,0.0638386724689495
1581,201838,viable_line,113524.0,0.06169228685680229
1582,201839,viable_line,241104.8,0.08495020926164897
1583,201840,viable_line,168485.6,0.08471914204093726
1584,201841,viable_line,128384.0,0.067274727450332
1585,201842,viable_line,122825.2,0.06013422097467465
1586,201843,viable_line,148154.6,0.09090074682770904
1587,201844,viable_line,224938.1,0.09570214681123995
1588,201845,viable_line,249025.3,0.09918759006852997
1589,201846,viable_line,125255.1,0.06454039561654357
1590,201847,viable_line,139201.5,0.06813195553130873
1591,201848,viable_line,152599.3,0.07796646625543967
1592,201849,viable_line,187563.9,0.08855263598993858
1593,201850,viable_line,168461.7,0.08234545751198986
1594,201851,viable_line,226326.3,0.09151407933735793
1595,201852,viable_line,200180.0,0.09887353491663894
1596,201901,viable_line,148974.1,0.07305416596454559
1597,201902,viable_line,239504.0,0.10326753112350999
1598,201903,viable_line,160656.9,0.08708425356480254
1599,201904,viable_line,121668.4,0.06688543109758789
1600,201905,viable_line,140166.5,0.06299027969861476
1601,201906,viable_line,130730.8,0.031512637549497055
1602,201907,viable_line,118949.5,0.017525280909900718
1603,201908,viable_line,113190.4,0.015008985581942729
1604,201909,viable_line,117781.5,0.017802097090423744
1605,201910,viable_line,113553.4,0.007316744753164555
1606,201911,viable_line,111777.1,0.006637795742599496
1607,201912,viable_line,110997.0,0.006983934523076088
1608,201913,viable_line,119626.2,0.004221306919656646
1609,201914,viable_line,138911.3,0.007903691624461967
1610,201915,viable_line,136820.3,0.00835585720855096
1611,201916,viable_line,199906.0,0.01977246601186749
1612,201917,viable_line,149286.0,0.019981742210214707
1613,201918,viable_line,148159.6,0.014628306078260043
1614,201919,viable_line,137615.6,0.004911394467730697
1615,201920,viable_line,125719.5,0.0019732397353016836
1616,201921,viable_line,141273.0,0.010444971533900813
1617,201922,viable_line,149341.0,0.01083753866792684
1618,201923,viable_line,151719.3,0.01683343073361894
1619,201924,viable_line,147780.0,0.0202052255707901
1620,201925,viable_line,142594.4,0.009901411551914237
1621,201926,viable_line,152939.2,0.017029218180989278
1622,201927,viable_line,148024.8,0.011531772048098948
1623,201928,viable_line,143326.9,0.00862387491597908
1624,201929,viable_line,146490.4,0.016313502221309232
1625,201930,viable_line,138840.2,0.015430178356858662
1626,201931,viable_line,152731.3,0.01547939122245816
1627,201932,viable_line,150710.9,0.012068220345799761
1628,201933,viable_line,206672.1,0.026568805988323438
1629,201934,viable_line,183291.9,0.028963505385671464
1630,201935,viable_line,156416.3,0.019771972249091125
1631,201936,viable_line,163334.2,0.016439273504717022
1632,201937,viable_line,127422.6,0.004800856829894652
1633,201938,viable_line,124245.6,0.005333665331359275
1634,201939,viable_line,195728.9,0.021303876684778462
1635,201940,viable_line,195677.2,0.029824511963686403
1636,201941,viable_line,153294.4,0.015625491436451044
1637,201942,viable_line,132477.7,0.00428432973316656
1638,201943,viable_line,131927.8,0.005391554843129577
1639,201944,viable_line,157039.7,0.012862059290701673
1640,201945,viable_line,191550.4,0.017204994209299013
1641,201946,viable_line,153004.8,0.022341092110976325
1642,201947,viable_line,162301.8,0.019318794077886847
1643,201948,viable_line,159879.8,0.015841622292001457
1644,201949,viable_line,173976.8,0.01251044321276223
1645,201950,viable_line,181822.4,0.016094712134420926
1646,201951,viable_line,195864.7,0.018253818030228207
1647,201952,viable_line,192262.3,0.02504508450247519
1648,202001,viable_line,176598.5,0.016705292754391938
1649,202002,viable_line,169187.5,0.013262827815446467
1650,202003,viable_line,155855.0,0.013202897584166583
1651,202004,viable_line,122662.1,-0.001125375741747804
1652,202005,viable_line,130683.9,-0.00018945408544852055
1653,202006,viable_line,172478.4,0.01962785713617488
1654,202007,viable_line,149056.5,0.013015894301113445
1655,202008,viable_line,125304.9,-0.0015537098834603098
1656,202009,viable_line,129477.5,0.0004967347710986057
1657,202010,viable_line,131546.1,-0.003636209239598276
1658,202011,viable_line,133879.4,-0.0029514756034823278
1659,202012,viable_line,130705.1,0.00853984928251037
1660,202013,viable_line,131904.7,0.010017259071608522
1661,202014,viable_line,131919.0,0.005727831626983591
1662,202015,viable_line,147254.2,0.008204951800857964
1663,202016,viable_line,121567.5,0.0003195112664360772
1664,202017,viable_line,119894.0,-5.287190052515931e-05
1665,202018,viable_line,119348.3,-0.0009230054600446871
1666,202019,viable_line,139601.3,-0.0010792585844083718
1667,202020,viable_line,151982.9,-0.0008388019214037838
1668,202021,viable_line,153012.1,0.0014241328821339005
1669,202022,viable_line,166231.3,0.009155085869008485
1670,202023,viable_line,154647.2,0.003649360333639814
1671,202024,viable_line,160147.4,0.007159108873672499
1672,202025,viable_line,149033.1,0.0031570206664845385
1673,202026,viable_line,162044.9,0.010103066001731314
1674,202027,viable_line,167127.0,0.00970167459450709
1675,202028,viable_line,147729.5,0.004292717577084252
1676,202029,viable_line,138876.4,0.004540475145988397
1677,202030,viable_line,131200.3,0.005906254350636532
1678,202031,viable_line,148988.5,0.00991155744996204
1679,202032,viable_line,151698.7,0.009167805096615685
1680,202033,viable_line,181648.3,0.015286518748177845
1681,202034,viable_line,156468.3,0.009328366704781715
1682,202035,viable_line,154354.0,0.02138069041329644
1683,202036,viable_line,141867.8,0.01121866696783278
1684,202037,viable_line,125017.9,0.0024106021587659526
1685,202038,viable_line,120516.9,0.002625670325347446
1686,202039,viable_line,189593.4,0.018567589518258317
1687,202040,viable_line,136647.0,0.018061221562068852
1688,202041,viable_line,132984.7,0.006496583657075715
1689,202042,viable_line,149957.5,0.01153239711022059
1690,202043,viable_line,137405.7,0.0073571939905343565
1691,202044,viable_line,140043.3,0.006378654656136058
1692,202045,viable_line,174127.0,0.015391360047130327
1693,202046,viable_line,147657.3,0.008506779272961512
1694,202047,viable_line,134192.7,0.0185123962464499
1695,202048,viable_line,130993.4,0.008115623222435683
1696,202049,viable_line,166578.8,0.012250871486272501
1697,202050,viable_line,158058.3,0.0119577528469386
1698,202051,viable_line,179963.0,0.017429546634355714
1699,202052,viable_line,173219.8,0.020857780331893106
1700,202053,viable_line,199984.8,0.023309499843876015
1701,202101,viable_line,147794.9,0.008760217700327665
1702,202102,viable_line,126086.1,0.002095985238207791
1703,202103,viable_line,136847.2,0.009095761463327048
1704,202104,viable_line,124554.0,0.004506750345791718
1705,202105,viable_line,186458.2,0.022518693125967652
1706,202106,viable_line,158032.6,0.01650429523391209
1707,202107,viable_line,124177.5,0.002503765044762427
1708,202108,viable_line,128909.3,0.002993119056846545
1709,202109,viable_line,130043.0,0.00016558658528729162
1710,202110,viable_line,123632.1,-0.0024023774922134473
1711,202111,viable_line,139050.0,0.007055254884315015
1712,202112,viable_line,131349.3,0.0036997563238777478
1713,202113,viable_line,140986.5,0.002395020749138225
1714,202114,viable_line,141055.1,0.0032840021505845356
1715,202115,viable_line,149041.9,0.00557659218068335
1716,202116,viable_line,144588.3,0.01929503198241652
1717,202117,viable_line,118626.2,-0.001208706959982961
1718,202118,viable_line,140425.8,3.524793368343954e-05
1719,202119,viable_line,142497.5,-0.002188520107561981
1720,202120,viable_line,134254.0,-0.0023689892021267834
1721,202121,viable_line,130539.8,-0.002311666400055172
1722,202122,viable_line,135480.9,-0.0007197769458477858
1723,202123,viable_line,117893.0,-0.0026322128073503273
1724,202124,viable_line,119189.2,0.01062122934833488
1725,202125,viable_line,148621.2,0.010958496095445143
1726,202126,viable_line,170773.5,0.012492196643191143
1727,201827,silver_coin,22595.2,0.07831978706125156
1728,201828,silver_coin,22411.9,0.07682968283583734
1729,201829,silver_coin,21233.7,0.07607705372390894
1730,201830,silver_coin,21540.3,0.07700159163473805
1731,201831,silver_coin,22676.3,0.0774198948986923
1732,201832,silver_coin,22512.1,0.07760868073761731
1733,201833,silver_coin,23391.2,0.07549333254079296
1734,201834,silver_coin,22013.9,0.07590741965222893
1735,201835,silver_coin,22386.1,0.07693410859030157
1736,201836,silver_coin,28264.9,0.07826961230097254
1737,201837,silver_coin,22591.0,0.07698971900761921
1738,201838,silver_coin,22004.4,0.07672801010042805
1739,201839,silver_coin,22483.9,0.07770005077497012
1740,201840,silver_coin,24579.0,0.07763951727697532
1741,201841,silver_coin,24356.2,0.0799007460962682
1742,201842,silver_coin,22536.3,0.07685765372572674
1743,201843,silver_coin,25972.7,0.07819332053917688
1744,201844,silver_coin,31974.5,0.09029077522492959
1745,201845,silver_coin,26738.8,0.08403378092276068
1746,201846,silver_coin,25944.0,0.08352297264639619
1747,201847,silver_coin,26233.4,0.08060872128122346
1748,201848,silver_coin,27740.5,0.07584253411923512
1749,201849,silver_coin,34487.2,0.08400480717430692
1750,201850,silver_coin,32621.4,0.07889261623118587
1751,201851,silver_coin,44093.7,0.07241088361360984
1752,201852,silver_coin,31869.3,0.06917688020020835
1753,201901,silver_coin,24488.6,0.0661513920270021
1754,201902,silver_coin,20138.9,0.06698979179108387
1755,201903,silver_coin,20199.0,0.0661933786907847
1756,201904,silver_coin,20806.8,0.06545713525868965
1757,201905,silver_coin,21256.4,0.04589255694835626
1758,201906,silver_coin,20371.6,0.02066162366655232
1759,201907,silver_coin,20478.2,0.019442578848857164
1760,201908,silver_coin,19672.9,0.01887254707209878
1761,201909,silver_coin,20467.4,0.01909265766392316
1762,201910,silver_coin,28870.0,0.03178926433243938
1763,201911,silver_coin,55220.5,0.04454145518177136
1764,201912,silver_coin,24973.5,0.02161430998200852
1765,201913,silver_coin,20091.8,0.011477517916358648
1766,201914,silver_coin,21234.9,0.011740545102277618
1767,201915,silver_coin,21711.2,0.014748926531966107
1768,201916,silver_coin,23757.8,0.014357798385149924
1769,201917,silver_coin,21070.5,0.014285147654780598
1770,201918,silver_coin,23322.3,0.013788999731845799
1771,201919,silver_coin,23352.4,0.009005505901955656
1772,201920,silver_coin,21650.3,0.008408461475050128
1773,201921,silver_coin,22068.4,0.009439663164094293
1774,201922,silver_coin,22954.1,0.010397963553265513
1775,201923,silver_coin,22536.0,0.009569716980181959
1776,201924,silver_coin,26104.4,0.006391644705826518
1777,201925,silver_coin,23550.4,0.009592888255605902
1778,201926,silver_coin,19779.9,0.012893963522834924
1779,201927,silver_coin,19834.8,0.009609435824459403
1780,201928,silver_coin,20458.6,0.008098176045378052
1781,201929,silver_coin,20056.8,0.009203052415817231
1782,201930,silver_coin,19352.1,0.008479202597248651
1783,201931,silver_coin,21704.1,0.007857392527959221
1784,201932,silver_coin,22017.4,0.008399829353501422
1785,201933,silver_coin,22797.0,0.00739840831278957
1786,201934,silver_coin,21531.7,0.008137845903068014
1787,201935,silver_coin,21168.4,0.007923443045146203
1788,201936,silver_coin,30800.0,0.003239147971376574
1789,201937,silver_coin,27783.1,0.023469472336908284
1790,201938,silver_coin,24342.0,0.01730781039134857
1791,201939,silver_coin,21126.0,0.005204131347253729
1792,201940,silver_coin,21752.8,0.006280781970721213
1793,201941,silver_coin,22938.1,0.012601896572947817
1794,201942,silver_coin,23118.2,0.01106128696587633
1795,201943,silver_coin,22942.4,0.008612838089854575
1796,201944,silver_coin,26687.8,0.00790305263941873
1797,201945,silver_coin,34531.1,0.011159484154093001
1798,201946,silver_coin,28712.7,0.002699182150883073
1799,201947,silver_coin,24372.2,0.0023940108026235993
1800,201948,silver_coin,25460.3,0.0032123540532100346
1801,201949,silver_coin,29987.3,0.003089839037810613
1802,201950,silver_coin,35439.4,0.01092020242755843
1803,201951,silver_coin,42359.9,0.010635731818754678
1804,201952,silver_coin,35179.1,0.004159694239859109
1805,202001,silver_coin,28637.8,0.001928718019299073
1806,202002,silver_coin,20384.9,0.0017397045060646185
1807,202003,silver_coin,20995.4,0.002492467757608936
1808,202004,silver_coin,21391.1,0.0021305716597757743
1809,202005,silver_coin,22713.5,0.0014060232579230605
1810,202006,silver_coin,23686.2,0.0028360197027286842
1811,202007,silver_coin,23652.1,0.0008897658966620587
1812,202008,silver_coin,22273.1,3.361622687119386e-05
1813,202009,silver_coin,23110.3,0.0003851986363022503
1814,202010,silver_coin,32956.8,0.010971541287450523
1815,202011,silver_coin,64446.5,0.039352802483638864
1816,202012,silver_coin,35644.6,0.01923935423986811
1817,202013,silver_coin,24047.7,-0.0026524769900542187
1818,202014,silver_coin,23485.5,-0.0033474777989001307
1819,202015,silver_coin,24292.6,-0.004346602098739463
1820,202016,silver_coin,22802.3,-0.003719369839594559
1821,202017,silver_coin,23273.5,-0.0026013365778481427
1822,202018,silver_coin,23969.1,-0.0019316165107053798
1823,202019,silver_coin,26638.6,-0.0006253644303236448
1824,202020,silver_coin,29230.5,-0.000930089725990602
1825,202021,silver_coin,27543.0,-0.0009149853295063226
1826,202022,silver_coin,30618.4,0.002445287791643685
1827,202023,silver_coin,28175.1,0.0029890434069148437
1828,202024,silver_coin,27578.0,0.005060535986663035
1829,202025,silver_coin,27304.3,0.0025185034804086435
1830,202026,silver_coin,22491.1,0.0015328568923686438
1831,202027,silver_coin,24278.6,0.0013355331997938257
1832,202028,silver_coin,25950.9,0.014835779059243109
1833,202029,silver_coin,24061.0,0.004639063954859758
1834,202030,silver_coin,22747.9,0.001311770199994849
1835,202031,silver_coin,23844.2,0.0021213826782671454
1836,202032,silver_coin,23957.7,0.002070639460904955
1837,202033,silver_coin,22467.1,0.0004338150028638775
1838,202034,silver_coin,23038.3,0.0024599584916166267
1839,202035,silver_coin,25243.2,0.004798312603582179
1840,202036,silver_coin,24805.2,0.0033409877703520032
1841,202037,silver_coin,27785.5,0.011790784829074743
1842,202038,silver_coin,24101.6,0.004701338205360828
1843,202039,silver_coin,26831.8,0.014693776511196183
1844,202040,silver_coin,25961.3,0.010969503736469864
1845,202041,silver_coin,25677.1,0.00462577403582335
1846,202042,silver_coin,26286.6,0.0074437698903652505
1847,202043,silver_coin,28419.1,0.010363629754168092
1848,202044,silver_coin,28907.0,0.007126128438784031
1849,202045,silver_coin,31663.2,0.01632382259890633
1850,202046,silver_coin,34298.8,0.013007553011575964
1851,202047,silver_coin,30039.8,0.0036354117768093177
1852,202048,silver_coin,26282.1,0.0014754415432642926
1853,202049,silver_coin,42783.6,0.018486065809836513
1854,202050,silver_coin,32515.8,0.010466693613816698
1855,202051,silver_coin,35379.1,0.0048098630896003655
1856,202052,silver_coin,36646.0,0.0017672108367122006
1857,202053,silver_coin,32623.0,0.0030016115328162416
1858,202101,silver_coin,23372.1,0.0009500202907750168
1859,202102,silver_coin,24383.4,0.00019081991319362657
1860,202103,silver_coin,23633.7,0.0016196471709353309
1861,202104,silver_coin,25112.5,9.718036858652689e-05
1862,202105,silver_coin,24538.1,1.934130571274417e-05
1863,202106,silver_coin,25478.3,-0.001184270473454137
1864,202107,silver_coin,24806.9,0.00046422116388575817
1865,202108,silver_coin,25572.1,-2.9011958569053988e-05
1866,202109,silver_coin,39363.5,0.0198535120790498
1867,202110,silver_coin,60490.4,0.03792005010278719
1868,202111,silver_coin,37734.6,0.021227065132650193
1869,202112,silver_coin,24919.3,0.0029748888157944387
1870,202113,silver_coin,27365.9,-0.0023769184809564036
1871,202114,silver_coin,24144.8,-0.0035212576755573946
1872,202115,silver_coin,25442.9,-0.00266654115563875
1873,202116,silver_coin,24796.0,-0.0019426070117269036
1874,202117,silver_coin,23646.7,-0.00340434890733386
1875,202118,silver_coin,28438.5,0.0015407863376075276
1876,202119,silver_coin,31636.7,0.0055094548945346915
1877,202120,silver_coin,29019.0,0.006086288396763407
1878,202121,silver_coin,25582.2,0.004280336767163756
1879,202122,silver_coin,27605.3,0.008196428142558899
1880,202123,silver_coin,27241.1,0.012738998175000588
1881,202124,silver_coin,29058.3,0.0210489496404038
1882,202125,silver_coin,25158.0,0.014120818574124634
1883,202126,silver_coin,24487.0,0.02049799963603326
